epoch,loss,rec,kl,domain
1,0.14127070490847043,0.13650436534922075,4.766339611398223,0.0
2,0.03803999404068493,0.035041273384529996,2.9987205851337664,0.0
3,0.03053402509877232,0.027972867556298603,2.5611574795907077,0.0
4,0.02680397317523048,0.02442783609599194,2.376136995629219,0.0
5,0.02158717202739814,0.019340105754955532,2.2470661579968527,0.0
6,0.02017680202855224,0.01801087276033037,2.1659291373182814,0.0
7,0.017142886164759404,0.014961403741729204,2.181482362500765,0.0
8,0.016964296922403956,0.014911699973578964,2.0525968354669786,0.0
9,0.015507313100041477,0.013531657465588853,1.9756555614017306,0.0
10,0.015586646713437454,0.013687641966823955,1.899004651858561,0.0
11,0.015593280929119088,0.01374978047302945,1.843500391897481,0.0
12,0.013652290353374799,0.011858209703583786,1.7940805337665793,0.0
13,0.014017410392072993,0.012247738013805147,1.7696723163061892,0.0
14,0.014219929614396894,0.012484857532336356,1.735072011347405,0.0
15,0.014003431818823768,0.012278486487389315,1.724945294280561,0.0
16,0.013242249328941491,0.011567492322668285,1.6747569076774655,0.0
17,0.013175251537706358,0.011509688131733985,1.6655633221609032,0.0
18,0.01258487873354871,0.010939607521001319,1.64527111754905,0.0
19,0.011643335910087012,0.010034016927930428,1.6093188684864121,0.0
20,0.012107318776032942,0.010510918331920726,1.5964003494631633,0.0
21,0.012944627828599013,0.011354139543266677,1.5904882443967716,0.0
22,0.011331292845641567,0.00975555249435869,1.5757403012878035,0.0
23,0.011960733397260457,0.010420248032732836,1.5404852947303402,0.0
24,0.011171811237936752,0.009642795655820017,1.529015521978531,0.0
25,0.012154717700010672,0.010621826669793258,1.5328909757613431,0.0
26,0.010719842882190916,0.009219842810622438,1.5000000011441275,0.0
27,0.011881289398589888,0.010397926077450189,1.483363240660227,0.0
28,0.010856388304169413,0.009381145066466498,1.475243147997541,0.0
29,0.010749762794968936,0.009289215918081675,1.4605468223789337,0.0
30,0.01260341010883247,0.011110618586754085,1.4927914684749082,0.0
31,0.010490686657445573,0.009043150102178541,1.4475364553923975,0.0
32,0.010624189372251795,0.00919683019112522,1.4273590940353658,0.0
33,0.010594995904489719,0.009166368866396395,1.4286269856009723,0.0
34,0.010814136103546434,0.009392657650008265,1.4214783789443548,0.0
35,0.01063831800394841,0.009223805438973293,1.4145124660905941,0.0
36,0.010830028830030806,0.009423543956583168,1.4064848195938837,0.0
37,0.011079536878114346,0.00967563708557243,1.4038997589331705,0.0
38,0.011221344581705128,0.009819661542648107,1.401682976648437,0.0
39,0.009737802630901645,0.008365036301237822,1.3727662823392968,0.0
40,0.00990771719599373,0.008544967572547526,1.3627495627070583,0.0
41,0.010148043349597034,0.008794874024373572,1.3531692911664162,0.0
42,0.010195071973668424,0.008840614901260833,1.3544570347531426,0.0
43,0.009826806109349098,0.008489151701507158,1.337654345807399,0.0
44,0.010023405376289572,0.008686842831403798,1.3365625051960992,0.0
45,0.009800053734831504,0.008458038978347394,1.342014670988078,0.0
46,0.010965616391382453,0.009626934227824827,1.3386820964418948,0.0
47,0.0096542227997119,0.008315248691795573,1.3389740598382172,0.0
48,0.009531904048406361,0.008208311002597697,1.3235929861593263,0.0
49,0.0094380309681854,0.00812379196121183,1.314238954092049,0.0
50,0.009595825804425655,0.008278246082698299,1.3175796746503563,0.0
51,0.009186532510318696,0.007884043445910375,1.3024890003014244,0.0
52,0.009567846641722817,0.008266790337336651,1.3010562379318835,0.0
53,0.009839411610589615,0.008531680910433128,1.3077306495288414,0.0
54,0.0095258636081068,0.008222365967074019,1.3034975850392903,0.0
55,0.009255001734668542,0.007950562291361608,1.3044393519802524,0.0
56,0.008871702260061709,0.007579586366531857,1.2921158433972624,0.0
57,0.00916975934983906,0.00788501300539611,1.2847462815523765,0.0
58,0.010408982103907092,0.009092961820120926,1.3160202219812753,0.0
59,0.008629062309436261,0.007343865949082975,1.2851963015929848,0.0
60,0.008648065412152336,0.007363345941900657,1.2847194317391368,0.0
61,0.008483170696364728,0.007211397539503837,1.2717731189094112,0.0
62,0.009005947156794487,0.00773630094714119,1.2696461542896258,0.0
63,0.009338755389189381,0.008065254939737225,1.2735003922952854,0.0
64,0.00857710715929227,0.007302310412640323,1.2747967027130493,0.0
65,0.008532108406317287,0.007266292683955526,1.2658156567325711,0.0
66,0.008457149673753854,0.007200326754901684,1.256822850793083,0.0
67,0.008407205361123453,0.007145072982930838,1.2621323169047827,0.0
68,0.008904112624633616,0.007637248729311284,1.2668638321780419,0.0
69,0.008729068943993461,0.007467050055140233,1.2620188066905695,0.0
70,0.008504387806728344,0.007248453017229324,1.2559347509149696,0.0
71,0.008190850911874444,0.006941603218545967,1.2492476102389634,0.0
72,0.008792885790598616,0.007542344132330353,1.2505415812679304,0.0
73,0.00848544660928852,0.007239675810512454,1.2457707401085885,0.0
74,0.008770856099397813,0.00751698969585918,1.2538663443712874,0.0
75,0.008330005659398974,0.007081363807047655,1.2486417741078475,0.0
76,0.007990936920233827,0.006747409982222413,1.2435268773589023,0.0
77,0.00862228802390515,0.007375246650085882,1.2470412919247622,0.0
78,0.00800743374743885,0.006767378052185716,1.2400556482833969,0.0
79,0.008549327953849587,0.007309556524958578,1.239771358506536,0.0
80,0.007986733845124641,0.006746367866124568,1.2403659215489187,0.0
81,0.008689867287885223,0.007445561123379991,1.2443061213776738,0.0
82,0.007986482501135855,0.006739275557827514,1.247206877368365,0.0
83,0.008038837410407826,0.006805653268201143,1.2331840947088872,0.0
84,0.007928571082450844,0.006696410326238332,1.2321607022762475,0.0
85,0.00820996280468728,0.006970491240608264,1.2394715087270332,0.0
86,0.007716238080125458,0.006485254667000072,1.2309833636095533,0.0
87,0.007925325969557957,0.006697618350456752,1.2277075704414055,0.0
88,0.008534936718408936,0.007304807116053022,1.230129544433081,0.0
89,0.0077696682190149195,0.006534152048863072,1.2355161384710662,0.0
90,0.007841474459815636,0.006613239067362195,1.2282353415177643,0.0
91,0.007742041726753077,0.00652427831028673,1.2177633532477992,0.0
92,0.00789627982042221,0.006671379967333096,1.2248997877074503,0.0
93,0.007701214955897569,0.006481939068218111,1.2192758144422315,0.0
94,0.007917848366511049,0.006699162776708801,1.2186855462786454,0.0
95,0.007660512537233072,0.006443525374866678,1.2169870861168937,0.0
96,0.00772832987136278,0.006514343541719214,1.2139862731357658,0.0
97,0.007826723553372314,0.006610910397885183,1.2158131007560289,0.0
98,0.007869078107687017,0.006649890507685881,1.2191875294241443,0.0
99,0.007797761237191709,0.006575217025664602,1.2225441492629165,0.0
100,0.0074904779534018225,0.0062818390720524924,1.2086388232216003,0.0
101,0.007662317788812145,0.006451499474091519,1.2108182639994716,0.0
102,0.007752024923406896,0.0065400716274544935,1.2119532374712585,0.0
103,0.009069423259663248,0.007841436448343711,1.2279867518427805,0.0
104,0.0073612312452462645,0.006146599604631645,1.2146315772668073,0.0
105,0.0072593648679727734,0.006052401371818653,1.2069634223345154,0.0
106,0.007297320390410994,0.006091556037219579,1.2057642752766038,0.0
107,0.007799077872565066,0.006592982278806053,1.2060955373419744,0.0
108,0.007596505157637141,0.006389389310655073,1.2071157988695784,0.0
109,0.007544357351093781,0.006342450679709943,1.2019066100368732,0.0
110,0.007362118008040819,0.006164959506033729,1.1971584600291598,0.0
111,0.007236252842424936,0.006043898525461142,1.1923542614571059,0.0
112,0.0073118604487237915,0.00611259665267302,1.1992637510887587,0.0
113,0.007463257093891507,0.006273071708940809,1.1901853353434182,0.0
114,0.007694675932968728,0.006495276800088307,1.1993990530603351,0.0
115,0.007158343879943978,0.005970294645758144,1.1880491799910424,0.0
116,0.007296164518881599,0.006102450834085286,1.193713622257779,0.0
117,0.008102671548448456,0.00689771168185594,1.2049598287682377,0.0
118,0.007219901650142916,0.006023042309299062,1.1968592894653765,0.0
119,0.007101049865728355,0.005915294663314342,1.1857551545751803,0.0
120,0.007287211292284074,0.00610022116026158,1.1869900829900275,0.0
