M_TIMESTAMP,S_original,BU_original,missing
2026-01-01 00:00:00+00:00,56.20880432316445,52.79838220673798,0
2026-01-01 00:15:00+00:00,49.81030177750406,49.329383983864915,0
2026-01-01 00:30:00+00:00,68.91466698267722,68.28208168176207,0
2026-01-01 00:45:00+00:00,67.48896396352129,67.42706636571813,0
2026-01-01 01:00:00+00:00,73.42922538011567,71.27359909204873,0
2026-01-01 01:15:00+00:00,55.44650464318345,56.077284839913624,0
2026-01-01 01:30:00+00:00,50.7520941032196,49.36899138617991,0
2026-01-01 01:45:00+00:00,51.93679973641255,48.9440041266733,0
2026-01-01 02:00:00+00:00,53.043417553454624,49.80308272755003,0
2026-01-01 02:15:00+00:00,51.87036765110374,50.57229585803463,0
2026-01-01 02:30:00+00:00,51.701732940997346,48.22529007493372,0
2026-01-01 02:45:00+00:00,52.43614842523085,49.41025331299745,0
2026-01-01 03:00:00+00:00,51.32716488515464,45.00021707610127,0
2026-01-01 03:15:00+00:00,50.44938009382623,45.71551481010024,0
2026-01-01 03:30:00+00:00,51.089461179030344,53.37184796821702,0
2026-01-01 03:45:00+00:00,52.455951889808844,48.932323914918214,0
2026-01-01 04:00:00+00:00,53.115889723495755,53.35155227975608,0
2026-01-01 04:15:00+00:00,53.0621627583059,52.073737953845985,0
2026-01-01 04:30:00+00:00,52.95009387885966,50.65694016995695,0
2026-01-01 04:45:00+00:00,54.91659144831471,50.34523474968243,0
2026-01-01 05:00:00+00:00,55.446178140832096,53.43292018762369,0
2026-01-01 05:15:00+00:00,54.46998755412645,57.17819060611123,0
2026-01-01 05:30:00+00:00,55.85639463841227,56.91763797192976,0
2026-01-01 05:45:00+00:00,57.890191289873954,56.35089739279615,0
2026-01-01 06:00:00+00:00,248.25582690861927,223.76953357864883,0
2026-01-01 06:15:00+00:00,238.58822199185315,226.16808385129514,0
2026-01-01 06:30:00+00:00,241.2207742725412,225.38257523847406,0
2026-01-01 06:45:00+00:00,239.3376958434142,237.06058346418595,0
2026-01-01 07:00:00+00:00,251.62358288421518,256.92359285453216,0
2026-01-01 07:15:00+00:00,253.60562352489404,245.95537637356477,0
2026-01-01 07:30:00+00:00,244.80367839440166,235.01211083800894,0
2026-01-01 07:45:00+00:00,245.80682917371968,252.3700244796212,0
2026-01-01 08:00:00+00:00,253.6680995549065,240.34373705669782,0
2026-01-01 08:15:00+00:00,262.41625647802,254.5658137989605,0
2026-01-01 08:30:00+00:00,261.5478008795706,258.6416527659567,0
2026-01-01 08:45:00+00:00,260.7031721469528,242.3094563375116,0
2026-01-01 09:00:00+00:00,251.1009202806778,237.965017579096,0
2026-01-01 09:15:00+00:00,250.37919515827357,235.7144705785145,0
2026-01-01 09:30:00+00:00,256.81085192398643,260.93710631056393,0
2026-01-01 09:45:00+00:00,245.7784297987521,252.81112485768293,0
2026-01-01 10:00:00+00:00,244.6341028509771,237.58686841128198,0
2026-01-01 10:15:00+00:00,244.84763424238346,236.00909355868555,0
2026-01-01 10:30:00+00:00,256.44143127579207,240.80235455103775,0
2026-01-01 10:45:00+00:00,261.79094846737064,248.406476955692,0
2026-01-01 11:00:00+00:00,237.93752087748427,223.7433399908657,0
2026-01-01 11:15:00+00:00,247.74654382013685,238.99240025751172,0
2026-01-01 11:30:00+00:00,238.42249058604258,232.92777209658493,0
2026-01-01 11:45:00+00:00,232.34154004817222,225.54588169610622,0
2026-01-01 12:00:00+00:00,244.49292489152933,233.73143043794357,0
2026-01-01 12:15:00+00:00,238.05971916740666,228.33789875011294,0
2026-01-01 12:30:00+00:00,224.6557151342047,215.83740870688456,0
2026-01-01 12:45:00+00:00,229.02386508188042,218.54448407422424,0
2026-01-01 13:00:00+00:00,235.06221330100828,233.3278503942743,0
2026-01-01 13:15:00+00:00,244.1981055446127,216.96485250663602,0
2026-01-01 13:30:00+00:00,237.18621302053248,237.90329515077818,0
2026-01-01 13:45:00+00:00,222.03591571667386,216.8703226478683,0
2026-01-01 14:00:00+00:00,239.70216121242478,236.95343166626566,0
2026-01-01 14:15:00+00:00,220.10057885987092,218.4218381754898,0
2026-01-01 14:30:00+00:00,236.4983615884969,219.29954114641282,0
2026-01-01 14:45:00+00:00,235.7105640078936,218.60753304070525,0
2026-01-01 15:00:00+00:00,231.9955490384624,214.34547062447996,0
2026-01-01 15:15:00+00:00,228.64538036108004,216.3815422305524,0
2026-01-01 15:30:00+00:00,215.90367118387246,214.3333405277352,0
2026-01-01 15:45:00+00:00,226.9092644089914,210.01363279136262,0
2026-01-01 16:00:00+00:00,223.3324121184646,219.40568323893874,0
2026-01-01 16:15:00+00:00,228.05323499619018,202.35650800805874,0
2026-01-01 16:30:00+00:00,232.57979466930166,220.99627971308723,0
2026-01-01 16:45:00+00:00,234.29861491642532,231.33161192722787,0
2026-01-01 17:00:00+00:00,223.00111407598894,214.08756826171435,0
2026-01-01 17:15:00+00:00,225.4583328203545,207.7824241588121,0
2026-01-01 17:30:00+00:00,239.126409123575,226.00807547346804,0
2026-01-01 17:45:00+00:00,236.94201656456633,204.47948712080824,0
2026-01-01 18:00:00+00:00,244.39317768895953,224.43825025323656,0
2026-01-01 18:15:00+00:00,225.51127469765504,227.46851137554927,0
2026-01-01 18:30:00+00:00,223.43988248617856,208.14408784445922,0
2026-01-01 18:45:00+00:00,228.33734955741087,214.8358589776509,0
2026-01-01 19:00:00+00:00,218.2986044907385,194.03200459421964,0
2026-01-01 19:15:00+00:00,221.87090463119577,200.75372190257156,0
2026-01-01 19:30:00+00:00,213.2893869624379,215.307900537052,0
2026-01-01 19:45:00+00:00,215.59061422441232,210.992358295172,0
2026-01-01 20:00:00+00:00,216.30426523920232,193.69736363334886,0
2026-01-01 20:15:00+00:00,220.9041729349986,208.36844907956927,0
2026-01-01 20:30:00+00:00,227.2645331204762,216.80480562694495,0
2026-01-01 20:45:00+00:00,216.54441454105117,199.00882715846808,0
2026-01-01 21:00:00+00:00,212.30438217523155,189.11558430818172,0
2026-01-01 21:15:00+00:00,216.227054890873,207.03301629185654,0
2026-01-01 21:30:00+00:00,217.5502373254932,215.67472433758263,0
2026-01-01 21:45:00+00:00,208.5678854764056,203.97633310082773,0
2026-01-01 22:00:00+00:00,66.1181350641047,65.97656292354232,0
2026-01-01 22:15:00+00:00,59.416678020270794,54.649911021710956,0
2026-01-01 22:30:00+00:00,71.771044420006,68.4654638678627,0
2026-01-01 22:45:00+00:00,61.00247366648308,58.170391701574864,0
2026-01-01 23:00:00+00:00,65.64280468897061,63.239116157242485,0
2026-01-01 23:15:00+00:00,60.211760632703225,56.69923704925491,0
2026-01-01 23:30:00+00:00,66.467785394824,63.92558836613438,0
2026-01-01 23:45:00+00:00,61.94816345988856,52.38086771408736,0
2026-01-02 00:00:00+00:00,63.43507383778954,64.40481526734403,0
2026-01-02 00:15:00+00:00,56.7797368354449,55.27465970643759,0
2026-01-02 00:30:00+00:00,51.75626813273082,47.58127760490515,0
2026-01-02 00:45:00+00:00,56.637594047106674,56.179462052475365,0
2026-01-02 01:00:00+00:00,67.30012828390721,62.818007526735826,0
2026-01-02 01:15:00+00:00,68.93273766616554,63.99470854334041,0
2026-01-02 01:30:00+00:00,48.5227083917447,45.64732216455858,0
2026-01-02 01:45:00+00:00,48.269008562046814,47.30591395029613,0
2026-01-02 02:00:00+00:00,52.705273948187504,49.338069688217004,0
2026-01-02 02:15:00+00:00,52.48236200002088,47.634324130588595,0
2026-01-02 02:30:00+00:00,50.47671058048183,52.01984832915608,0
2026-01-02 02:45:00+00:00,52.57700957850589,50.168845657248404,0
2026-01-02 03:00:00+00:00,48.84943982686809,47.303869550924425,0
2026-01-02 03:15:00+00:00,52.175599758113144,53.09718926380991,0
2026-01-02 03:30:00+00:00,51.73187211940398,48.914394135448056,0
2026-01-02 03:45:00+00:00,51.832644339866576,48.09891638999741,0
2026-01-02 04:00:00+00:00,51.94475590178928,51.07288408636386,0
2026-01-02 04:15:00+00:00,54.504121942545105,49.16935208193791,0
2026-01-02 04:30:00+00:00,53.010135141726586,50.822508578641084,0
2026-01-02 04:45:00+00:00,52.92683966560189,49.66738571931296,0
2026-01-02 05:00:00+00:00,54.574684401113956,54.19776742097666,0
2026-01-02 05:15:00+00:00,54.1475934212388,54.38259931149663,0
2026-01-02 05:30:00+00:00,54.52112066409226,53.841900260140136,0
2026-01-02 05:45:00+00:00,57.65663026866213,51.79651435658111,0
2026-01-02 06:00:00+00:00,244.9481362049983,234.3433280686628,0
2026-01-02 06:15:00+00:00,246.05404189901748,225.331208510755,0
2026-01-02 06:30:00+00:00,239.8491017094988,229.8288336086523,0
2026-01-02 06:45:00+00:00,247.26543735586077,212.01737825399866,0
2026-01-02 07:00:00+00:00,246.80968131304857,225.03837305054373,0
2026-01-02 07:15:00+00:00,269.72672883780024,265.3063649833412,0
2026-01-02 07:30:00+00:00,253.48123051334593,246.47170645980165,0
2026-01-02 07:45:00+00:00,269.52534837726506,250.5675987287772,0
2026-01-02 08:00:00+00:00,267.04739939000194,251.81979938410353,0
2026-01-02 08:15:00+00:00,259.371076663198,238.874639090502,0
2026-01-02 08:30:00+00:00,241.2328455587397,234.63074795331764,0
2026-01-02 08:45:00+00:00,263.4218312600994,249.54950456939943,0
2026-01-02 09:00:00+00:00,255.33424498093277,255.44939861448634,0
2026-01-02 09:15:00+00:00,251.91191158634933,239.36941995911133,0
2026-01-02 09:30:00+00:00,257.33002679696887,244.24252379910376,0
2026-01-02 09:45:00+00:00,249.24097781084623,229.25059235431394,0
2026-01-02 10:00:00+00:00,243.82936798871768,233.55159916279368,0
2026-01-02 10:15:00+00:00,239.35987448973748,231.4735554604862,0
2026-01-02 10:30:00+00:00,245.98334892077347,233.2926385129898,0
2026-01-02 10:45:00+00:00,234.53371034858566,221.91036463615686,0
2026-01-02 11:00:00+00:00,232.494771755505,228.73352683440783,0
2026-01-02 11:15:00+00:00,240.90283128092045,240.8286607095961,0
2026-01-02 11:30:00+00:00,243.5665297284082,236.33764412354483,0
2026-01-02 11:45:00+00:00,319.93781302905404,238.22342375901178,0
2026-01-02 12:00:00+00:00,241.79216630917776,237.5946353149182,0
2026-01-02 12:15:00+00:00,245.1344398703477,242.9936705496823,0
2026-01-02 12:30:00+00:00,237.08992052302546,221.31728175887153,0
2026-01-02 12:45:00+00:00,230.76185387936619,222.30652268247678,0
2026-01-02 13:00:00+00:00,216.25053883660766,205.41173911532724,0
2026-01-02 13:15:00+00:00,227.9096697794079,218.35392445487048,0
2026-01-02 13:30:00+00:00,227.48188180305323,224.26531116353786,0
2026-01-02 13:45:00+00:00,229.7514787242624,219.44635522803776,0
2026-01-02 14:00:00+00:00,216.4974962979475,212.96116378012283,0
2026-01-02 14:15:00+00:00,235.48844025516908,220.86300110538446,0
2026-01-02 14:30:00+00:00,226.7227462276709,224.42791651206045,0
2026-01-02 14:45:00+00:00,210.68810472212718,208.63263166913848,0
2026-01-02 15:00:00+00:00,230.7189646890217,225.15114264205923,0
2026-01-02 15:15:00+00:00,208.42314533739244,204.63124631622975,0
2026-01-02 15:30:00+00:00,228.69154814792935,224.83697971738212,0
2026-01-02 15:45:00+00:00,228.14020442339378,212.59511004967527,0
2026-01-02 16:00:00+00:00,213.0816349319981,207.26032818544522,0
2026-01-02 16:15:00+00:00,234.82298188580782,224.6599714773342,0
2026-01-02 16:30:00+00:00,220.36434269090051,203.33221194180098,0
2026-01-02 16:45:00+00:00,224.21418099647525,222.94724669624705,0
2026-01-02 17:00:00+00:00,227.93508978611248,207.12954101209337,0
2026-01-02 17:15:00+00:00,229.05941163382195,220.46996929201663,0
2026-01-02 17:30:00+00:00,208.492689656641,205.44026941230985,0
2026-01-02 17:45:00+00:00,226.3437197243834,209.47071425712087,0
2026-01-02 18:00:00+00:00,236.87173338149645,227.89768614716647,0
2026-01-02 18:15:00+00:00,231.7821488973554,222.04264935812935,0
2026-01-02 18:30:00+00:00,221.98829056766985,208.0897320856078,0
2026-01-02 18:45:00+00:00,216.7597540482629,216.2365106221501,0
2026-01-02 19:00:00+00:00,214.06168444613135,202.90774259750202,0
2026-01-02 19:15:00+00:00,213.85611544572384,223.40616431780273,0
2026-01-02 19:30:00+00:00,221.1362428179435,214.9720071030952,0
2026-01-02 19:45:00+00:00,222.47438928129253,203.95443401120664,0
2026-01-02 20:00:00+00:00,209.13385279754377,194.8936009142831,0
2026-01-02 20:15:00+00:00,214.03252300146315,213.84363579331955,0
2026-01-02 20:30:00+00:00,222.72037628251493,210.48073404425602,0
2026-01-02 20:45:00+00:00,212.6586251205283,193.3553983585236,0
2026-01-02 21:00:00+00:00,201.56773342661955,198.58905440396762,0
2026-01-02 21:15:00+00:00,199.52826718721252,189.67670816179705,0
2026-01-02 21:30:00+00:00,211.56514113796604,207.7329174187977,0
2026-01-02 21:45:00+00:00,206.907499754236,205.07625877307757,0
2026-01-02 22:00:00+00:00,57.89627674254915,58.071907105665105,0
2026-01-02 22:15:00+00:00,56.22083868652222,58.48469965949768,0
2026-01-02 22:30:00+00:00,59.47215950359674,53.65708179930599,0
2026-01-02 22:45:00+00:00,48.505491915847976,45.12291853711351,0
2026-01-02 23:00:00+00:00,51.575920243703884,50.07018283660933,0
2026-01-02 23:15:00+00:00,62.12004123555772,65.0470202654248,0
2026-01-02 23:30:00+00:00,64.04723978119692,66.63538780174639,0
2026-01-02 23:45:00+00:00,51.527454044566504,51.58179872772533,0
2026-01-03 00:00:00+00:00,31.324875720125636,29.95204451910676,0
2026-01-03 00:15:00+00:00,33.51103375613603,31.979534133085444,0
2026-01-03 00:30:00+00:00,33.39424471434491,31.141982870901774,0
2026-01-03 00:45:00+00:00,45.58372447531077,43.083975818872254,0
2026-01-03 01:00:00+00:00,34.95395256486225,36.0305720590608,0
2026-01-03 01:15:00+00:00,39.62936619664156,37.550229652359185,0
2026-01-03 01:30:00+00:00,31.94541637320924,30.44948984415629,0
2026-01-03 01:45:00+00:00,32.41303983385349,31.97017558237243,0
2026-01-03 02:00:00+00:00,33.41110735839533,30.075592922433216,0
2026-01-03 02:15:00+00:00,31.552792041561993,30.68339256994604,0
2026-01-03 02:30:00+00:00,32.725443730845015,30.484308214974185,0
2026-01-03 02:45:00+00:00,31.97207614529973,30.8517249911347,0
2026-01-03 03:00:00+00:00,33.93861539304723,32.07044345568105,0
2026-01-03 03:15:00+00:00,32.98742493544156,31.37853337750026,0
2026-01-03 03:30:00+00:00,34.60397295002836,33.91799059521126,0
2026-01-03 03:45:00+00:00,34.68822286100558,33.57933504891404,0
2026-01-03 04:00:00+00:00,33.64594303925788,31.842176753254282,0
2026-01-03 04:15:00+00:00,34.434723108227516,33.59473006072872,0
2026-01-03 04:30:00+00:00,35.5382803759804,32.58999384429838,0
2026-01-03 04:45:00+00:00,37.73405455930404,37.69184699304445,0
2026-01-03 05:00:00+00:00,35.19373249614617,34.53824226994564,0
2026-01-03 05:15:00+00:00,37.406210782665426,35.22679687655797,0
2026-01-03 05:30:00+00:00,36.49421294298561,34.58733349250027,0
2026-01-03 05:45:00+00:00,38.496258511793386,37.00186109587706,0
2026-01-03 06:00:00+00:00,151.14351343384578,158.60660513970652,0
2026-01-03 06:15:00+00:00,159.72115032041953,154.89708807673546,0
2026-01-03 06:30:00+00:00,163.11718682717907,153.0637147885299,0
2026-01-03 06:45:00+00:00,164.59971114266492,164.41459669241917,0
2026-01-03 07:00:00+00:00,175.59713414405073,166.71095296064018,0
2026-01-03 07:15:00+00:00,165.09150900174188,160.204790533994,0
2026-01-03 07:30:00+00:00,165.29932498624026,153.15854634511734,0
2026-01-03 07:45:00+00:00,162.74925426062097,162.4671857115811,0
2026-01-03 08:00:00+00:00,151.55754723307723,145.437782399394,0
2026-01-03 08:15:00+00:00,159.74649627242914,160.25481366650064,0
2026-01-03 08:30:00+00:00,163.71392109191612,151.20068111696366,0
2026-01-03 08:45:00+00:00,155.53142726803503,148.13931479742962,0
2026-01-03 09:00:00+00:00,159.01658972865266,160.7414325432671,0
2026-01-03 09:15:00+00:00,149.94694161358507,144.7270287977693,0
2026-01-03 09:30:00+00:00,156.96404509677973,164.78036683167423,0
2026-01-03 09:45:00+00:00,152.52783147926846,145.55788310717685,0
2026-01-03 10:00:00+00:00,145.45947887356894,139.22526683116374,0
2026-01-03 10:15:00+00:00,144.9346559283428,150.31915968427526,0
2026-01-03 10:30:00+00:00,147.82121689082547,136.00344933124495,0
2026-01-03 10:45:00+00:00,150.51192555233186,136.2145968189676,0
2026-01-03 11:00:00+00:00,135.50514124809496,128.29931403214889,0
2026-01-03 11:15:00+00:00,136.45197204340687,137.97567147003605,0
2026-01-03 11:30:00+00:00,143.5810067887374,130.53627679001784,0
2026-01-03 11:45:00+00:00,140.53462676347417,135.74458889371797,0
2026-01-03 12:00:00+00:00,183.07363288954514,138.43076414629263,0
2026-01-03 12:15:00+00:00,180.76712256894552,143.66238568418507,0
2026-01-03 12:30:00+00:00,183.95801994678772,144.46720840343693,0
2026-01-03 12:45:00+00:00,188.5738038367339,141.13231644387744,0
2026-01-03 13:00:00+00:00,178.4045349092698,138.74709536878686,0
2026-01-03 13:15:00+00:00,179.25554953577137,136.39732548632526,0
2026-01-03 13:30:00+00:00,188.18020266069843,136.99471674786642,0
2026-01-03 13:45:00+00:00,167.55521520099416,118.92752736501237,0
2026-01-03 14:00:00+00:00,178.23974609169,130.7406644272449,0
2026-01-03 14:15:00+00:00,182.56509978031062,134.79177321016846,0
2026-01-03 14:30:00+00:00,182.57211229453415,134.77969869437428,0
2026-01-03 14:45:00+00:00,174.67273781618525,119.74555571265455,0
2026-01-03 15:00:00+00:00,167.24682403568497,124.06527590612754,0
2026-01-03 15:15:00+00:00,186.11252778485738,138.39913455644685,0
2026-01-03 15:30:00+00:00,179.37564487647498,134.6293529743413,0
2026-01-03 15:45:00+00:00,168.83331671432424,134.169540448731,0
2026-01-03 16:00:00+00:00,183.39611830751565,136.20865848622293,0
2026-01-03 16:15:00+00:00,189.3586654968637,136.63879184671697,0
2026-01-03 16:30:00+00:00,193.6285900109659,133.79218664841255,0
2026-01-03 16:45:00+00:00,192.51833732437183,147.10741701537583,0
2026-01-03 17:00:00+00:00,189.5219089406152,136.82355236962528,0
2026-01-03 17:15:00+00:00,197.5159041414213,148.99504432442095,0
2026-01-03 17:30:00+00:00,189.14354618761996,149.35036849825684,0
2026-01-03 17:45:00+00:00,189.61170936218994,132.12468634465503,0
2026-01-03 18:00:00+00:00,199.0054765092775,148.1782169926252,0
2026-01-03 18:15:00+00:00,195.40934362344734,150.77350305143025,0
2026-01-03 18:30:00+00:00,191.47725557967803,149.09987459375353,0
2026-01-03 18:45:00+00:00,183.99385369229336,127.55930133149496,0
2026-01-03 19:00:00+00:00,182.2399231399133,131.87836722642024,0
2026-01-03 19:15:00+00:00,188.3079124042617,132.9534448175498,0
2026-01-03 19:30:00+00:00,184.63839887859842,139.25528820259044,0
2026-01-03 19:45:00+00:00,184.3069535878438,140.3971953390269,0
2026-01-03 20:00:00+00:00,182.97964938253884,123.37985060519259,0
2026-01-03 20:15:00+00:00,174.99352930438647,129.34574397522567,0
2026-01-03 20:30:00+00:00,176.85399395802165,135.22229995547454,0
2026-01-03 20:45:00+00:00,191.44090407302826,140.16801121768682,0
2026-01-03 21:00:00+00:00,179.1655662143632,134.75453766141447,0
2026-01-03 21:15:00+00:00,181.7956107644044,134.2532997680585,0
2026-01-03 21:30:00+00:00,175.86355744586973,126.74129795753348,0
2026-01-03 21:45:00+00:00,178.50998865716338,131.54606326678427,0
2026-01-03 22:00:00+00:00,58.49184818733152,43.65018280234051,0
2026-01-03 22:15:00+00:00,44.748281135024754,34.40334373619723,0
2026-01-03 22:30:00+00:00,52.42013631894685,40.17593079014901,0
2026-01-03 22:45:00+00:00,65.7743890672655,49.455409061614525,0
2026-01-03 23:00:00+00:00,46.69206999194997,36.097669195472584,0
2026-01-03 23:15:00+00:00,73.89588534793532,52.8993016991569,0
2026-01-03 23:30:00+00:00,51.06447638606471,35.881050107591754,0
2026-01-03 23:45:00+00:00,65.01388714332062,49.258855048359656,0
2026-01-04 00:00:00+00:00,65.25997153762813,49.08486690608666,0
2026-01-04 00:15:00+00:00,40.251175882401085,30.969569220832255,0
2026-01-04 00:30:00+00:00,55.65455115790973,39.28651199261479,0
2026-01-04 00:45:00+00:00,60.40267325178567,47.58780378199858,0
2026-01-04 01:00:00+00:00,66.0695226260266,50.64541253589886,0
2026-01-04 01:15:00+00:00,55.125754982770616,40.18257995236965,0
2026-01-04 01:30:00+00:00,41.5948841718571,29.9865774995111,0
2026-01-04 01:45:00+00:00,42.74921527136837,32.905813658647816,0
2026-01-04 02:00:00+00:00,42.60247609795837,30.43888031520322,0
2026-01-04 02:15:00+00:00,43.7395843513318,35.35744165207122,0
2026-01-04 02:30:00+00:00,44.74256327231888,32.92096629535531,0
2026-01-04 02:45:00+00:00,44.85556003627131,35.58695871834094,0
2026-01-04 03:00:00+00:00,43.88007967214666,32.26634048244284,0
2026-01-04 03:15:00+00:00,45.830995947493356,36.303426452317346,0
2026-01-04 03:30:00+00:00,34.43132505840044,32.249625958749476,0
2026-01-04 03:45:00+00:00,34.76413172904136,34.086112397975874,0
2026-01-04 04:00:00+00:00,35.22272125446938,34.733117432553456,0
2026-01-04 04:15:00+00:00,35.67636160296534,35.19479669908173,0
2026-01-04 04:30:00+00:00,34.56079642983781,35.26497937149674,0
2026-01-04 04:45:00+00:00,34.781260375833114,33.134989233850106,0
2026-01-04 05:00:00+00:00,37.09296859371789,35.574520212109036,0
2026-01-04 05:15:00+00:00,36.22369806721652,37.16522353632356,0
2026-01-04 05:30:00+00:00,38.52964788336105,36.75655884772252,0
2026-01-04 05:45:00+00:00,39.65477794298934,39.14566399015662,0
2026-01-04 06:00:00+00:00,161.48953238499791,150.20245008869597,0
2026-01-04 06:15:00+00:00,157.8273696442633,154.1435801551262,0
2026-01-04 06:30:00+00:00,170.1726187116198,163.15113024230558,0
2026-01-04 06:45:00+00:00,170.8032462336634,159.01307139017132,0
2026-01-04 07:00:00+00:00,174.33793938453616,167.20479491026984,0
2026-01-04 07:15:00+00:00,169.5757445787741,163.58708098923498,0
2026-01-04 07:30:00+00:00,169.4077808279294,163.14780644096845,0
2026-01-04 07:45:00+00:00,167.05099215254694,170.54559193706345,0
2026-01-04 08:00:00+00:00,165.56025365176663,168.39209785550767,0
2026-01-04 08:15:00+00:00,174.4706672876174,169.56224702966207,0
2026-01-04 08:30:00+00:00,166.85908047834718,154.31565859916307,0
2026-01-04 08:45:00+00:00,163.09418074139163,152.01206487386744,0
2026-01-04 09:00:00+00:00,167.01593105741495,169.90322202452953,0
2026-01-04 09:15:00+00:00,161.33251309645482,148.39508324221316,0
2026-01-04 09:30:00+00:00,158.5533658212445,153.20236389013354,0
2026-01-04 09:45:00+00:00,159.8544245769864,156.91017241487032,0
2026-01-04 10:00:00+00:00,158.94054447118322,151.98646164591173,0
2026-01-04 10:15:00+00:00,156.92269106591414,147.99857544500622,0
2026-01-04 10:30:00+00:00,148.24897733580187,138.9409108752435,0
2026-01-04 10:45:00+00:00,153.77641474665833,144.68093201917526,0
2026-01-04 11:00:00+00:00,158.00685945678654,145.03256243041685,0
2026-01-04 11:15:00+00:00,155.33250025296172,155.6026233553607,0
2026-01-04 11:30:00+00:00,148.05247802969512,143.82312698408006,0
2026-01-04 11:45:00+00:00,152.93427337165434,146.79432758189668,0
2026-01-04 12:00:00+00:00,151.26865468358886,146.39642967640953,0
2026-01-04 12:15:00+00:00,156.7600894313457,152.917335829827,0
2026-01-04 12:30:00+00:00,145.74563687520276,138.7746022347709,0
2026-01-04 12:45:00+00:00,155.16729511883088,153.1149287701045,0
2026-01-04 13:00:00+00:00,153.92836394026727,141.47989931452796,0
2026-01-04 13:15:00+00:00,144.59043267021968,143.74971850031233,0
2026-01-04 13:30:00+00:00,142.83087044344592,140.00151286004353,0
2026-01-04 13:45:00+00:00,148.50322144190773,139.875721932939,0
2026-01-04 14:00:00+00:00,138.9223238425596,132.00469934139375,0
2026-01-04 14:15:00+00:00,150.36545652267512,136.83794842599931,0
2026-01-04 14:30:00+00:00,144.6348942861791,131.0897862894346,0
2026-01-04 14:45:00+00:00,144.916275573119,135.6890195688276,0
2026-01-04 15:00:00+00:00,148.5516282655887,146.33772095379436,0
2026-01-04 15:15:00+00:00,139.87087072346915,129.42390683252523,0
2026-01-04 15:30:00+00:00,154.52740845314074,139.45730403239162,0
2026-01-04 15:45:00+00:00,146.08134484438224,134.13973424146474,0
2026-01-04 16:00:00+00:00,158.56313454119956,147.84128415774146,0
2026-01-04 16:15:00+00:00,146.13345102622424,138.22160456028772,0
2026-01-04 16:30:00+00:00,147.46297522116694,138.3101324915339,0
2026-01-04 16:45:00+00:00,147.0537205847793,146.57302465530339,0
2026-01-04 17:00:00+00:00,154.69310744657776,153.53727516699144,0
2026-01-04 17:15:00+00:00,153.79749347138673,157.87987412591565,0
2026-01-04 17:30:00+00:00,150.76083365296026,137.3096524994534,0
2026-01-04 17:45:00+00:00,154.6768495245582,143.79410441853747,0
2026-01-04 18:00:00+00:00,151.35265130020755,148.35439695293255,0
2026-01-04 18:15:00+00:00,154.49600003346583,146.16742902065644,0
2026-01-04 18:30:00+00:00,146.9081729671628,144.99074001924964,0
2026-01-04 18:45:00+00:00,156.2968388731654,149.87420547987617,0
2026-01-04 19:00:00+00:00,146.38900710861958,148.916379200484,0
2026-01-04 19:15:00+00:00,137.0606794261522,141.83190521334726,0
2026-01-04 19:30:00+00:00,147.9125659157325,144.8272071528678,0
2026-01-04 19:45:00+00:00,143.83735583948635,136.74782027470198,0
2026-01-04 20:00:00+00:00,146.4372306881304,141.72793693309524,0
2026-01-04 20:15:00+00:00,146.88698278795368,141.5988827105752,0
2026-01-04 20:30:00+00:00,144.46617214873547,131.85459259550214,0
2026-01-04 20:45:00+00:00,146.45824355625496,149.40147575100306,0
2026-01-04 21:00:00+00:00,143.64894295030814,143.16453104027227,0
2026-01-04 21:15:00+00:00,144.37711045063125,138.2380385527938,0
2026-01-04 21:30:00+00:00,143.1626219624606,143.3135851312906,0
2026-01-04 21:45:00+00:00,140.37909027861244,128.78508610324513,0
2026-01-04 22:00:00+00:00,43.41224328333116,38.753699123346365,0
2026-01-04 22:15:00+00:00,59.01555431600565,58.204977268897544,0
2026-01-04 22:30:00+00:00,35.98905226930782,33.338850962857194,0
2026-01-04 22:45:00+00:00,44.069801828320244,42.202345754886395,0
2026-01-04 23:00:00+00:00,33.69585950560546,32.67517219643934,0
2026-01-04 23:15:00+00:00,54.19553907619357,53.429786867036334,0
2026-01-04 23:30:00+00:00,34.22298917305994,34.29421204933882,0
2026-01-04 23:45:00+00:00,34.421321815961164,33.65172541046659,0
2026-01-05 00:00:00+00:00,57.27903352772045,55.615897677498566,0
2026-01-05 00:15:00+00:00,71.58295905522144,66.93454567932885,0
2026-01-05 00:30:00+00:00,53.33608592507578,52.754945426574814,0
2026-01-05 00:45:00+00:00,64.42607973673184,58.91223369460287,0
2026-01-05 01:00:00+00:00,63.489322990118055,65.80485233805044,0
2026-01-05 01:15:00+00:00,51.178823539662446,46.827281295772465,0
2026-01-05 01:30:00+00:00,51.0739789875189,48.51380697388511,0
2026-01-05 01:45:00+00:00,50.520675874658934,46.56825020763203,0
2026-01-05 02:00:00+00:00,53.34034912294696,49.94942389480704,0
2026-01-05 02:15:00+00:00,50.987852073772686,48.978522227365225,0
2026-01-05 02:30:00+00:00,53.23343483108186,50.21492199234226,0
2026-01-05 02:45:00+00:00,52.125535161516254,53.14066630772165,0
2026-01-05 03:00:00+00:00,53.921775053566506,52.60223318171004,0
2026-01-05 03:15:00+00:00,52.57137240592644,49.62393777740418,0
2026-01-05 03:30:00+00:00,54.89292144453334,51.71556841899513,0
2026-01-05 03:45:00+00:00,53.46386658852522,54.03315882273122,0
2026-01-05 04:00:00+00:00,54.743171851529894,54.18831489461537,0
2026-01-05 04:15:00+00:00,53.359750104815134,48.83660450336485,0
2026-01-05 04:30:00+00:00,52.942941676365116,49.93119876637399,0
2026-01-05 04:45:00+00:00,57.91871164320326,56.04552355021577,0
2026-01-05 05:00:00+00:00,57.760408946885995,55.61565385442241,0
2026-01-05 05:15:00+00:00,59.580685295857066,54.360748251942475,0
2026-01-05 05:30:00+00:00,57.251982431717266,56.40410334726352,0
2026-01-05 05:45:00+00:00,58.399280147036045,52.998461342343056,0
2026-01-05 06:00:00+00:00,110.5612265064814,263.6017759214119,0
2026-01-05 06:15:00+00:00,265.0439819067898,253.15734080338672,0
2026-01-05 06:30:00+00:00,269.19504567860395,245.7490464523237,0
2026-01-05 06:45:00+00:00,262.3334014105741,243.32252222206196,0
2026-01-05 07:00:00+00:00,270.92983114857844,256.1435481905852,0
2026-01-05 07:15:00+00:00,271.29835368385585,259.5864825426069,0
2026-01-05 07:30:00+00:00,264.00143724568653,247.57156515434417,0
2026-01-05 07:45:00+00:00,264.15929994521224,246.4649106522532,0
2026-01-05 08:00:00+00:00,264.9058713728707,242.10649459014869,0
2026-01-05 08:15:00+00:00,264.0756597797665,265.6566964909003,0
2026-01-05 08:30:00+00:00,270.22811335037153,262.9383644684757,0
2026-01-05 08:45:00+00:00,266.17517748215215,259.2979955560467,0
2026-01-05 09:00:00+00:00,258.23889167272785,251.2622566431302,0
2026-01-05 09:15:00+00:00,280.4349100541095,254.47357607610493,0
2026-01-05 09:30:00+00:00,278.72750819290087,264.1827237632386,0
2026-01-05 09:45:00+00:00,259.37399059399286,277.0755219062042,0
2026-01-05 10:00:00+00:00,264.0634144062347,262.8552077168354,0
2026-01-05 10:15:00+00:00,260.42641186324875,245.28137595484824,0
2026-01-05 10:30:00+00:00,242.99322813384583,230.00394460902297,0
2026-01-05 10:45:00+00:00,246.3928555748664,211.66706002385763,0
2026-01-05 11:00:00+00:00,262.92393399342444,261.6258401406118,0
2026-01-05 11:15:00+00:00,252.8103952415836,254.0087223735979,0
2026-01-05 11:30:00+00:00,247.82285942195742,236.3650384023344,0
2026-01-05 11:45:00+00:00,246.71916662274785,224.2741759705448,0
2026-01-05 12:00:00+00:00,242.14656176010266,222.65436723878372,0
2026-01-05 12:15:00+00:00,254.6760634843958,250.8308604421981,0
2026-01-05 12:30:00+00:00,237.53101001010393,229.72449657251943,0
2026-01-05 12:45:00+00:00,253.2152399693662,249.73467028309776,0
2026-01-05 13:00:00+00:00,251.93041806197888,240.31263846881095,0
2026-01-05 13:15:00+00:00,249.15023962292457,248.09209357498864,0
2026-01-05 13:30:00+00:00,242.91053646275085,232.07197829403975,0
2026-01-05 13:45:00+00:00,231.7208659744301,231.3534309382642,0
2026-01-05 14:00:00+00:00,236.6390796060833,209.63078806689197,0
2026-01-05 14:15:00+00:00,235.07618642541567,216.6875492505025,0
2026-01-05 14:30:00+00:00,229.81432787347896,216.41592609430754,0
2026-01-05 14:45:00+00:00,233.94899021375966,235.89086004268685,0
2026-01-05 15:00:00+00:00,248.75970326284252,249.66368323980313,0
2026-01-05 15:15:00+00:00,236.61376865483126,230.71461835614627,0
2026-01-05 15:30:00+00:00,241.2999258431082,222.16455064874165,0
2026-01-05 15:45:00+00:00,244.02514381364108,217.58229744654608,0
2026-01-05 16:00:00+00:00,232.43634228038562,228.8984821762177,0
2026-01-05 16:15:00+00:00,235.73002747631418,218.51607288087317,0
2026-01-05 16:30:00+00:00,239.79987852619158,252.68908627736067,0
2026-01-05 16:45:00+00:00,238.15702475337986,224.68355580736906,0
2026-01-05 17:00:00+00:00,241.77054448404,248.37770927021114,0
2026-01-05 17:15:00+00:00,235.65966349338817,227.5618887257611,0
2026-01-05 17:30:00+00:00,237.18376226371223,221.76896845153453,0
2026-01-05 17:45:00+00:00,244.6493289906246,231.2293799572425,0
2026-01-05 18:00:00+00:00,233.39345311008242,229.54765763314072,0
2026-01-05 18:15:00+00:00,242.75471944185915,232.5885607201573,0
2026-01-05 18:30:00+00:00,238.16981405077877,238.43157892373964,0
2026-01-05 18:45:00+00:00,236.98561603189407,235.15355637731304,0
2026-01-05 19:00:00+00:00,221.00963041060422,222.2407693938591,0
2026-01-05 19:15:00+00:00,227.60566614255475,219.71378284388604,0
2026-01-05 19:30:00+00:00,235.77671695377163,217.58554641957522,0
2026-01-05 19:45:00+00:00,227.66166513192925,221.03999794992438,0
2026-01-05 20:00:00+00:00,242.04696631072665,232.02664814744315,0
2026-01-05 20:15:00+00:00,221.1928068001855,198.59186717084063,0
2026-01-05 20:30:00+00:00,224.39584499530463,218.66556988975188,0
2026-01-05 20:45:00+00:00,225.0350739992162,216.36495659769076,0
2026-01-05 21:00:00+00:00,202.94274047699582,185.07749766331622,0
2026-01-05 21:15:00+00:00,223.46743199532878,211.98812714804689,0
2026-01-05 21:30:00+00:00,216.1965839302973,207.17964688110524,0
2026-01-05 21:45:00+00:00,225.0200678537768,231.12199681929897,0
2026-01-05 22:00:00+00:00,69.09128853438634,67.15060912802366,0
2026-01-05 22:15:00+00:00,51.0784677689542,51.84297539288366,0
2026-01-05 22:30:00+00:00,68.15828290943963,65.6272381638591,0
2026-01-05 22:45:00+00:00,61.553646289071374,54.924277813133216,0
2026-01-05 23:00:00+00:00,57.473276731225624,56.391357359616904,0
2026-01-05 23:15:00+00:00,69.32864088436907,65.3881569830443,0
2026-01-05 23:30:00+00:00,52.025111783669374,49.185600713506446,0
2026-01-05 23:45:00+00:00,58.5752693916829,54.9669683325127,0
2026-01-06 00:00:00+00:00,59.52309897529564,58.203741675441734,0
2026-01-06 00:15:00+00:00,63.934396847094476,64.20339804030795,0
2026-01-06 00:30:00+00:00,67.2144966941685,65.79234220815331,0
2026-01-06 00:45:00+00:00,62.72748163555746,63.826253810713276,0
2026-01-06 01:00:00+00:00,55.409033687950064,56.98119404822249,0
2026-01-06 01:15:00+00:00,58.341603670673784,51.13742757289734,0
2026-01-06 01:30:00+00:00,50.87080073372454,47.122146569335804,0
2026-01-06 01:45:00+00:00,53.71307761712255,47.15732646343211,0
2026-01-06 02:00:00+00:00,51.40468038728539,51.04709989773092,0
2026-01-06 02:15:00+00:00,54.348070534818135,51.73079488517472,0
2026-01-06 02:30:00+00:00,53.48644977361819,50.78211307443805,0
2026-01-06 02:45:00+00:00,53.04107415155155,50.918781120528024,0
2026-01-06 03:00:00+00:00,53.45554683271139,52.792367584931384,0
2026-01-06 03:15:00+00:00,56.37739931719929,49.89146486289112,0
2026-01-06 03:30:00+00:00,55.02326068038929,50.45602951845693,0
2026-01-06 03:45:00+00:00,54.44574520583587,52.23080067553815,0
2026-01-06 04:00:00+00:00,56.19457398253439,56.86830648796165,0
2026-01-06 04:15:00+00:00,55.833106726567514,54.17395451159331,0
2026-01-06 04:30:00+00:00,57.92679843880957,53.598145930869606,0
2026-01-06 04:45:00+00:00,56.59680511372822,51.35530457888562,0
2026-01-06 05:00:00+00:00,54.9667304694234,55.610081265524634,0
2026-01-06 05:15:00+00:00,54.83095344746018,51.62787534615107,0
2026-01-06 05:30:00+00:00,57.193428454109934,52.01947048249882,0
2026-01-06 05:45:00+00:00,59.941864408924985,54.43903366187419,0
2026-01-06 06:00:00+00:00,256.76644373937904,232.6522633132235,0
2026-01-06 06:15:00+00:00,252.5915823241984,234.16227435830945,0
2026-01-06 06:30:00+00:00,262.3029901686889,246.04473285849986,0
2026-01-06 06:45:00+00:00,255.6602874840886,239.41606581004112,0
2026-01-06 07:00:00+00:00,275.15359740495944,263.8578238171851,0
2026-01-06 07:15:00+00:00,259.9357454438435,248.13785097054085,0
2026-01-06 07:30:00+00:00,276.0854477212157,283.6181281387948,0
2026-01-06 07:45:00+00:00,261.46785239735505,237.99853793485673,0
2026-01-06 08:00:00+00:00,269.42853760006534,260.34801186502193,0
2026-01-06 08:15:00+00:00,263.7052060168183,255.32677350103225,0
2026-01-06 08:30:00+00:00,263.62553570933414,246.7873237113769,0
2026-01-06 08:45:00+00:00,240.24559654352092,235.29821714931953,0
2026-01-06 09:00:00+00:00,260.91688031566207,259.5643184655069,0
2026-01-06 09:15:00+00:00,265.5629524318853,255.6890202758247,0
2026-01-06 09:30:00+00:00,249.868230181058,254.54087662774478,0
2026-01-06 09:45:00+00:00,245.05849981415653,217.6892811946229,0
2026-01-06 10:00:00+00:00,252.23526461680171,240.3947931483156,0
2026-01-06 10:15:00+00:00,260.30243019164254,264.75542353609916,0
2026-01-06 10:30:00+00:00,256.4764793987844,251.56744367749377,0
2026-01-06 10:45:00+00:00,254.19842254673966,247.00133822838225,0
2026-01-06 11:00:00+00:00,229.12383950362928,230.33844943872438,0
2026-01-06 11:15:00+00:00,250.12614821352855,222.9416457680573,0
2026-01-06 11:30:00+00:00,238.53450268035942,238.25096463215354,0
2026-01-06 11:45:00+00:00,241.38304254960252,236.36725657036544,0
2026-01-06 12:00:00+00:00,247.78164657627988,226.78680554683822,0
2026-01-06 12:15:00+00:00,224.75607166462308,236.2318793296766,0
2026-01-06 12:30:00+00:00,255.66342895107596,239.99074994047083,0
2026-01-06 12:45:00+00:00,236.14678781344884,210.5438364222536,0
2026-01-06 13:00:00+00:00,227.37314679344206,224.93560029090568,0
2026-01-06 13:15:00+00:00,239.4189172483125,225.9821958842757,0
2026-01-06 13:30:00+00:00,241.8774757682888,242.95414516835288,0
2026-01-06 13:45:00+00:00,235.45620994292423,224.57957164438167,0
2026-01-06 14:00:00+00:00,241.07296212971096,227.4014324489363,0
2026-01-06 14:15:00+00:00,235.55382291172145,241.25463265381075,0
2026-01-06 14:30:00+00:00,236.25112404096194,237.37577708810906,0
2026-01-06 14:45:00+00:00,235.37253760065522,216.4298020474084,0
2026-01-06 15:00:00+00:00,234.21204358529076,221.20290362074633,0
2026-01-06 15:15:00+00:00,237.72647082823735,234.13090910330544,0
2026-01-06 15:30:00+00:00,226.67617991756256,219.91368946464408,0
2026-01-06 15:45:00+00:00,234.03160956868382,225.22815077467425,0
2026-01-06 16:00:00+00:00,244.47499824676805,230.50435395596756,0
2026-01-06 16:15:00+00:00,244.40971308499155,223.9173550945426,0
2026-01-06 16:30:00+00:00,231.2357624384779,204.0059423703281,0
2026-01-06 16:45:00+00:00,251.5358253286295,238.4869748491081,0
2026-01-06 17:00:00+00:00,247.52560795381632,215.5836330838068,0
2026-01-06 17:15:00+00:00,233.6297760191674,216.50773223742036,0
2026-01-06 17:30:00+00:00,242.47494376874857,218.03711720447174,0
2026-01-06 17:45:00+00:00,242.25869416262674,220.37859786039317,0
2026-01-06 18:00:00+00:00,231.9474205970389,227.15568040559813,0
2026-01-06 18:15:00+00:00,225.72292838621962,219.09093445939055,0
2026-01-06 18:30:00+00:00,223.104874325842,216.27647020995747,0
2026-01-06 18:45:00+00:00,239.00768966080526,223.3003862071672,0
2026-01-06 19:00:00+00:00,245.8271046133788,227.6422900367064,0
2026-01-06 19:15:00+00:00,231.31394976048406,229.65753758213003,0
2026-01-06 19:30:00+00:00,231.72597717578824,217.2077752667755,0
2026-01-06 19:45:00+00:00,226.36358137833952,226.05594277965673,0
2026-01-06 20:00:00+00:00,233.03434072935107,227.10493561290653,0
2026-01-06 20:15:00+00:00,224.7392727820517,214.95632582756312,0
2026-01-06 20:30:00+00:00,225.39052406193449,205.87774015214003,0
2026-01-06 20:45:00+00:00,85.38337231199148,210.18504334242792,0
2026-01-06 21:00:00+00:00,226.41859187876102,213.25445134749788,0
2026-01-06 21:15:00+00:00,222.64244059875227,210.2188892075967,0
2026-01-06 21:30:00+00:00,220.25409239224533,204.37633077295527,0
2026-01-06 21:45:00+00:00,214.29405338208528,208.76188434776628,0
2026-01-06 22:00:00+00:00,57.71519839503206,60.65324279819967,0
2026-01-06 22:15:00+00:00,62.84955816999595,59.435109144772966,0
2026-01-06 22:30:00+00:00,54.642375759665164,52.92341714105122,0
2026-01-06 22:45:00+00:00,53.77120604660269,50.49786133381164,0
2026-01-06 23:00:00+00:00,61.21027231190675,62.10684989566281,0
2026-01-06 23:15:00+00:00,60.53848709758219,59.71834913575095,0
2026-01-06 23:30:00+00:00,50.20731617763338,49.98959167024867,0
2026-01-06 23:45:00+00:00,71.9586069224015,73.04099482363034,0
2026-01-07 00:00:00+00:00,69.02549607487336,66.21889309760199,0
2026-01-07 00:15:00+00:00,55.044699808083,52.89568323559168,0
2026-01-07 00:30:00+00:00,71.44000984820929,71.89643698400033,0
2026-01-07 00:45:00+00:00,60.304639075140784,60.29924203224075,0
2026-01-07 01:00:00+00:00,67.34305593780603,59.159056325591486,0
2026-01-07 01:15:00+00:00,50.790822977691,49.789742424408146,0
2026-01-07 01:30:00+00:00,49.23621892411898,46.378834742314254,0
2026-01-07 01:45:00+00:00,49.06697614235745,49.32807891109702,0
2026-01-07 02:00:00+00:00,51.68043277310392,50.81500807039026,0
2026-01-07 02:15:00+00:00,52.03865084696247,47.040174190462096,0
2026-01-07 02:30:00+00:00,53.406423850607794,52.34818054592754,0
2026-01-07 02:45:00+00:00,53.09894992636082,51.41295128417763,0
2026-01-07 03:00:00+00:00,53.50312068695196,52.0094973019715,0
2026-01-07 03:15:00+00:00,53.5370385124524,51.390618116196244,0
2026-01-07 03:30:00+00:00,53.81091981397128,54.544707716200854,0
2026-01-07 03:45:00+00:00,52.17930155605705,52.292212910795726,0
2026-01-07 04:00:00+00:00,54.05228557946549,51.46869432510927,0
2026-01-07 04:15:00+00:00,54.658400606174986,55.052247881281815,0
2026-01-07 04:30:00+00:00,56.90563245290391,57.95313462943625,0
2026-01-07 04:45:00+00:00,56.555128310304966,55.38111672274036,0
2026-01-07 05:00:00+00:00,54.910430381473994,53.68429680534419,0
2026-01-07 05:15:00+00:00,57.72475847909587,56.056198591693146,0
2026-01-07 05:30:00+00:00,56.456995164165775,55.347360835763524,0
2026-01-07 05:45:00+00:00,58.46943214114742,56.41673787908007,0
2026-01-07 06:00:00+00:00,234.7372163668872,241.42993610830933,0
2026-01-07 06:15:00+00:00,270.17569927117614,249.210394977532,0
2026-01-07 06:30:00+00:00,247.48118263719763,245.20413401602198,0
2026-01-07 06:45:00+00:00,258.44756184683587,246.99915613285788,0
2026-01-07 07:00:00+00:00,266.2510124646766,235.05773759424858,0
2026-01-07 07:15:00+00:00,251.14216905354417,240.7445990965143,0
2026-01-07 07:30:00+00:00,252.2733131151154,242.2723285740113,0
2026-01-07 07:45:00+00:00,254.7574612566603,254.2796441042963,0
2026-01-07 08:00:00+00:00,279.7339692426252,265.00548300904455,0
2026-01-07 08:15:00+00:00,264.19701468801077,244.65336926224649,0
2026-01-07 08:30:00+00:00,259.38160241887493,262.11086076391643,0
2026-01-07 08:45:00+00:00,267.12360891599087,268.6279001270214,0
2026-01-07 09:00:00+00:00,272.0332960574604,278.0119836735533,0
2026-01-07 09:15:00+00:00,267.2785285732738,261.52188449249996,0
2026-01-07 09:30:00+00:00,262.1666864456484,250.18903055371368,0
2026-01-07 09:45:00+00:00,257.8628872820575,254.44518867881348,0
2026-01-07 10:00:00+00:00,255.44695030755693,239.06942134986528,0
2026-01-07 10:15:00+00:00,253.30086739304465,243.58073014646942,0
2026-01-07 10:30:00+00:00,253.23041602983093,243.03491802621386,0
2026-01-07 10:45:00+00:00,248.48909397505545,230.1165016024023,0
2026-01-07 11:00:00+00:00,254.86993305980306,250.70799021806297,0
2026-01-07 11:15:00+00:00,261.23541002792683,238.35615530248043,0
2026-01-07 11:30:00+00:00,251.31373233261084,235.2099600215591,0
2026-01-07 11:45:00+00:00,261.097556559776,250.20819650330654,0
2026-01-07 12:00:00+00:00,244.7621839566026,248.1297324725289,0
2026-01-07 12:15:00+00:00,244.32438103212544,227.51733782292138,0
2026-01-07 12:30:00+00:00,239.0954866013893,229.205413583985,0
2026-01-07 12:45:00+00:00,233.19686537918986,221.35577690708888,0
2026-01-07 13:00:00+00:00,248.45943966420572,233.19758538832036,0
2026-01-07 13:15:00+00:00,244.74908416823607,226.51508146095387,0
2026-01-07 13:30:00+00:00,241.1615797180349,227.81109616292818,0
2026-01-07 13:45:00+00:00,226.87492631347456,225.32208357405185,0
2026-01-07 14:00:00+00:00,243.26770628174813,237.41133809553156,0
2026-01-07 14:15:00+00:00,249.7924435194442,228.7567679718745,0
2026-01-07 14:30:00+00:00,237.6859559900612,240.84310983642084,0
2026-01-07 14:45:00+00:00,231.81100429097768,230.23130472126664,0
2026-01-07 15:00:00+00:00,237.72059180758373,219.90449344943232,0
2026-01-07 15:15:00+00:00,231.5719604313393,231.39617834335945,0
2026-01-07 15:30:00+00:00,228.76928468537957,221.81058133104796,0
2026-01-07 15:45:00+00:00,241.04665961858515,232.1539769403789,0
2026-01-07 16:00:00+00:00,242.36788640118363,237.52953952614237,0
2026-01-07 16:15:00+00:00,226.5571280469379,220.53723653032011,0
2026-01-07 16:30:00+00:00,223.59078052570192,223.34263123443714,0
2026-01-07 16:45:00+00:00,225.61728632068943,218.62244713070942,0
2026-01-07 17:00:00+00:00,238.86382879714532,224.54135518622738,0
2026-01-07 17:15:00+00:00,239.3305967306311,216.6217406621425,0
2026-01-07 17:30:00+00:00,244.0945096402633,238.30482082513814,0
2026-01-07 17:45:00+00:00,240.88941701163338,226.2258121469199,0
2026-01-07 18:00:00+00:00,226.37056381164837,228.766066821398,0
2026-01-07 18:15:00+00:00,230.40914844273976,226.06036464004458,0
2026-01-07 18:30:00+00:00,222.621324788174,207.16995554428775,0
2026-01-07 18:45:00+00:00,241.74789184439734,239.39970116723114,0
2026-01-07 19:00:00+00:00,217.20498350984977,215.1475051087587,0
2026-01-07 19:15:00+00:00,233.29993372135806,223.78819349356243,0
2026-01-07 19:30:00+00:00,217.98671735663933,210.34871076651658,0
2026-01-07 19:45:00+00:00,222.10129160477268,224.6925322414258,0
2026-01-07 20:00:00+00:00,223.45764730022208,210.93555282878998,0
2026-01-07 20:15:00+00:00,221.1988741704047,210.2364187662254,0
2026-01-07 20:30:00+00:00,211.57875682269176,195.46204028496652,0
2026-01-07 20:45:00+00:00,224.38783673787535,221.36138126870992,0
2026-01-07 21:00:00+00:00,215.60450125943262,204.22587070181513,0
2026-01-07 21:15:00+00:00,210.78292187858045,199.66889643111753,0
2026-01-07 21:30:00+00:00,208.09130985557826,199.0573334932506,0
2026-01-07 21:45:00+00:00,213.93369361813336,204.8910781611118,0
2026-01-07 22:00:00+00:00,62.65858994856058,57.538764755741575,0
2026-01-07 22:15:00+00:00,75.08867540615499,67.74901938101128,0
2026-01-07 22:30:00+00:00,53.512850857815174,51.86460547937064,0
2026-01-07 22:45:00+00:00,60.83086618093234,54.26195731701191,0
2026-01-07 23:00:00+00:00,63.743945006109655,63.227552326117426,0
2026-01-07 23:15:00+00:00,58.95575394556582,59.51968607249498,0
2026-01-07 23:30:00+00:00,60.40373201431649,57.664242803614506,0
2026-01-07 23:45:00+00:00,60.349591463535084,60.09368262444984,0
