epoch,loss,reconstruction,kl,physics
1,0.7420005997021993,0.7303738130463494,3.8885609631737075,0.015476411311990686
2,0.35447824001312256,0.33709166281753117,8.68758159213596,0.017397977515227266
3,0.19674597018294865,0.18683918482727474,5.87328216764662,0.008067011833190918
4,0.1659534043735928,0.15876495838165283,4.8234846856859,0.0047299125387022896
5,0.15002511027786467,0.14414210948679182,4.163832664489746,0.0034383259868870177
6,0.1406212399403254,0.1357537243101332,3.626959933174981,0.0024811189828647506
7,0.1341741101609336,0.1298180272181829,3.292745351791382,0.0021266726156075797
8,0.12695789171589744,0.12296528617540996,3.0521631240844727,0.0018808876371218099
9,0.11689953919914034,0.11309238771597545,2.90558565987481,0.0018031288507497972
10,0.10320399618811077,0.09943639818165037,2.846832937664456,0.0018415316008031368
11,0.08844306982225841,0.08470569550991058,2.8442374335394964,0.001786270476360288
12,0.08231666435798009,0.07887652185228136,2.7234559853871665,0.0014333679702960784
13,0.07926950189802381,0.0760046210553911,2.5814200242360434,0.001366914832033217
14,0.07733370280928081,0.07422800527678595,2.4909447299109564,0.0012295022477499312
15,0.07572402225600348,0.07276417480574714,2.3951348463694253,0.0011294214960394634
16,0.074342742562294,0.0714646644062466,2.3400607903798423,0.0010760360811319617
17,0.07279357231325573,0.07001753648122151,2.276947816212972,0.0009981790208257735
18,0.07154762910472022,0.06883584625191158,2.239162312613593,0.000945236410997394
19,0.0701574327217208,0.0675011169579294,2.2048122353023953,0.0009030104524249004
20,0.06889682594272825,0.0662704168094529,2.1906551520029702,0.0008715020182232062
21,0.06815836826960246,0.06556474251879586,2.18965572781033,0.0008079401062180599
22,0.0675247468882137,0.06496701720688078,2.16147698296441,0.0007925064678096937
23,0.06772680828968684,0.06521799746486875,2.1331362989213734,0.0007513485422047476
24,0.06724456200997035,0.0647865707675616,2.0891710917154946,0.0007376423519518641
25,0.0668376154369778,0.06441615687476264,2.0678192244635687,0.0007072791276085707
26,0.06637236724297206,0.06399676866001552,2.036314355002509,0.0006785695505742398
27,0.06643644554747476,0.06408463087346819,2.007395929760403,0.0006888417022613188
28,0.06670291142331229,0.06436397631963094,2.010594367980957,0.0006566853650535146
29,0.066232996682326,0.06387826138072544,2.0359579457177057,0.0006375487751534416
30,0.06598398254977332,0.06363573173681895,2.0312137603759766,0.0006340757956624859
31,0.06575771007272932,0.0634473640885618,2.011019892162747,0.0005986551404930651
32,0.06563732855849796,0.0633494762910737,1.9930052492353652,0.0005896895373654035
33,0.0655575626426273,0.06328819774919087,1.9810198148091633,0.000576688455314272
34,0.06549742238389121,0.06325704190466139,1.9560091760423448,0.0005687407295530041
35,0.065397500163979,0.06318150129583147,1.9437605672412448,0.000544474363171806
36,0.06520353257656097,0.06299523098601235,1.9292319748136733,0.000558144529350102
37,0.06530182643069161,0.06311564064688152,1.9235412544674344,0.000525291582259039
38,0.06523583994971381,0.06307677510711882,1.8963346878687541,0.0005254576293130716
39,0.0650519836280081,0.0629086403383149,1.8860034280353122,0.0005146786602886601
40,0.0652450281712744,0.0631203336848153,1.8659077088038127,0.0005175702519611352
41,0.06517140401734246,0.06307211187150744,1.8504612313376532,0.0004976583812903198
42,0.06522296120723088,0.06311744699875514,1.8598985804451837,0.000491233755989621
43,0.06530655341015922,0.06318749984105428,1.8696161773469713,0.0004988736893412553
44,0.0652116917901569,0.06311677230728997,1.848605473836263,0.0004926320527576738
45,0.0649406264225642,0.0628572983874215,1.8527183797624376,0.00046121995223479136
46,0.06490801605913374,0.0628157721625434,1.8453938431209989,0.0004936986693388058
47,0.06487537009848489,0.0628108498122957,1.8320507208506267,0.00046493742330413725
48,0.06495068305068546,0.06291025876998901,1.812851733631558,0.0004551447701588687
49,0.06487457950909932,0.06283572440346082,1.8196113771862454,0.00043848790099016495
50,0.06467323998610179,0.06265151293741332,1.7957284318076239,0.0004519990664751579
51,0.06469137304359013,0.06269109828604592,1.7817939519882202,0.0004369549602011426
52,0.06470425509744221,0.06271247731314765,1.7835261954201593,0.00041650621440365084
53,0.0644335150718689,0.06245108445485433,1.7671135266621907,0.00043063352091444866
54,0.06439411640167236,0.06241079419851303,1.7654741870032415,0.0004356973998559018
55,0.0643474558989207,0.06237944132751889,1.75696681605445,0.000422096972922898
56,0.06424885243177414,0.062288629511992134,1.7576223214467366,0.0004052041590006815
57,0.06412846760617362,0.06217802233166165,1.7510848707622952,0.00039871613262221217
58,0.06430365062422222,0.062355911566151515,1.7543980677922566,0.0003866846834878541
59,0.06428831898503834,0.062324564490053386,1.7588472498787775,0.00040981372714870505
60,0.06416436036427815,0.062220442626211375,1.751102778646681,0.00038562699208139547
61,0.06397806025213665,0.062045389165480934,1.7418826818466187,0.0003815797487429033
62,0.06405103868908352,0.06213573863108953,1.7263160414165921,0.00037796989393730956
63,0.0640871309571796,0.06221016661988364,1.6895232333077326,0.0003748799434914771
64,0.06395911342567867,0.06206804389754931,1.7005577749676175,0.0003810284866227044
65,0.06379623959461848,0.061894396940867104,1.7131785949071248,0.0003773285975007133
66,0.06369621141089334,0.06179740776618322,1.7113031546274822,0.00037500101865993603
67,0.06369869162638982,0.06181631154484219,1.7013647158940632,0.00036202609771862626
68,0.06387124624517229,0.06199587136507034,1.6891769700580173,0.00037240154213375517
69,0.06355844934781392,0.061677130974001355,1.7045178016026814,0.00035359928410293325
70,0.06361177646451527,0.06173647650414043,1.6928162707222834,0.00036496381249485747
71,0.06368422425455517,0.06182617280218336,1.6793044010798137,0.00035749147840154666
72,0.0635879279838668,0.06172298101915254,1.6856146256128948,0.0003586623740072052
73,0.06344836950302124,0.061595461848709315,1.6838172011905246,0.00033818429154861305
74,0.06340935577948888,0.06154990858501858,1.6858963171641033,0.00034710489368687075
75,0.06369117523233096,0.06186294472879834,1.6593193345599704,0.00033782188095048897
76,0.06447454624705845,0.0626842040154669,1.6210378408432007,0.0003386092850834959
77,0.06411953684356478,0.062324316137366824,1.6232692268159654,0.0003439019395348926
78,0.06396483298805025,0.06217443446318308,1.61246571275923,0.000355867106312265
79,0.06425130946768655,0.0624893166952663,1.5952319701512654,0.000333518928123845
80,0.06389110452598995,0.062095258798864156,1.6345063580407038,0.0003226769266701821
81,0.06328424480226305,0.06147057438890139,1.6469535165362887,0.0003334354033641931
82,0.06302643567323685,0.06124341280923949,1.6191786924997966,0.00032768683094117377
83,0.06285857574807273,0.061068816317452326,1.626667817433675,0.0003261819139071223
84,0.06279013181726138,0.0609949566423893,1.6305670473310683,0.00032921291939500306
85,0.06273690362771352,0.06094613050421079,1.6294503344429865,0.0003226434863689873
86,0.06278510640064876,0.06098271533846855,1.6444655789269342,0.00031584911307113036
87,0.06257016128963894,0.06078403029176924,1.630536887380812,0.0003111879341304302
88,0.06254903723796208,0.060761152042282954,1.6324279175864325,0.0003109125763229612
89,0.06259153576360808,0.0608089305460453,1.6310705476337009,0.00030306949500098
90,0.06251902050442165,0.06074764455358187,1.6199439234203763,0.0003028630097914073
91,0.062279029852814145,0.060497374998198614,1.629538655281067,0.0003042323999882986
92,0.06217724995480643,0.06041220368610488,1.6095284223556519,0.0003110311744320724
93,0.062250624100367226,0.06051061674952507,1.5926030609342787,0.0002948086411278281
94,0.062126274738046855,0.06040504160854551,1.5741794506708782,0.00029410570924584236
95,0.062057174328300685,0.060360603448417455,1.5509383943345811,0.00029126470326445997
96,0.06225618554486169,0.060571934199995466,1.5348409016927083,0.0002988183663951026
97,0.06205443375640445,0.06037177973323398,1.5404163996378581,0.0002844746405672696
98,0.06230949155158467,0.06063822325732973,1.5248546732796564,0.0002928297455784761
99,0.06164552395542463,0.059989469332827464,1.5142473777135212,0.00028361629746440385
100,0.06185287733872732,0.06018119967646069,1.5258890125486586,0.0002915794644246085
