M_TIMESTAMP,temperature_c,humidity_percent,solar_irradiance_w_m2,cloud_cover_percent,is_weekend,hour
2026-01-01 00:00:00+00:00,9.743773663803543,54.30599669331459,0.0,46.43350211156219,False,0.0
2026-01-01 00:15:00+00:00,8.39348092895837,69.97046010913108,0.0,39.85248401833793,False,0.25
2026-01-01 00:30:00+00:00,9.541826418116967,60.086268970753245,0.0,66.33827637673213,False,0.5
2026-01-01 00:45:00+00:00,9.401718484042583,56.087937051519305,0.0,61.15430134762944,False,0.75
2026-01-01 01:00:00+00:00,6.789353866004023,67.12181963691155,0.0,86.20589967463863,False,1.0
2026-01-01 01:15:00+00:00,7.003807299817089,62.65694698406561,0.0,63.30826943025818,False,1.25
2026-01-01 01:30:00+00:00,7.839008954489875,60.66215899209589,0.0,63.568223461745724,False,1.5
2026-01-01 01:45:00+00:00,7.172126266121063,65.05647683525217,0.0,57.56056642439472,False,1.75
2026-01-01 02:00:00+00:00,7.098654214376204,57.76475876263369,0.0,70.0107557364174,False,2.0
2026-01-01 02:15:00+00:00,6.116624999184292,66.0122463170554,0.0,68.35373207546169,False,2.25
2026-01-01 02:30:00+00:00,7.190932831469429,70.42723341742898,0.0,76.51388852092542,False,2.5
2026-01-01 02:45:00+00:00,6.8007847332538605,65.30337660225769,0.0,55.874701746137774,False,2.75
2026-01-01 03:00:00+00:00,5.9266760466913295,63.41980230549088,0.0,57.53968167774808,False,3.0
2026-01-01 03:15:00+00:00,6.476471590231209,61.961577174893975,0.0,57.645632369986004,False,3.25
2026-01-01 03:30:00+00:00,5.6563796003062645,63.74279478609891,0.0,73.51079463927607,False,3.5
2026-01-01 03:45:00+00:00,4.31080808790165,66.65577553837608,0.0,82.62367724265562,False,3.75
2026-01-01 04:00:00+00:00,5.01856402653026,64.95721502386547,0.0,59.75451838197846,False,4.0
2026-01-01 04:15:00+00:00,3.6924644992265807,72.38805611561308,0.0,60.77585641499396,False,4.25
2026-01-01 04:30:00+00:00,4.910212430959318,59.71980245453323,0.0,70.2494296573903,False,4.5
2026-01-01 04:45:00+00:00,3.928405155180613,71.7697114378415,0.0,64.1332626956073,False,4.75
2026-01-01 05:00:00+00:00,3.5954436139754256,67.36899975567154,0.0,79.10319168989966,False,5.0
2026-01-01 05:15:00+00:00,2.9886928101061523,71.42701336560103,0.0,41.24733321914147,False,5.25
2026-01-01 05:30:00+00:00,4.3176443421675685,63.15205297751167,0.0,58.931997834048275,False,5.5
2026-01-01 05:45:00+00:00,3.039122031169158,75.14801681441017,0.0,60.04066706004428,False,5.75
2026-01-01 06:00:00+00:00,2.660992124281792,75.45885322940845,0.0,42.155727851366265,False,6.0
2026-01-01 06:15:00+00:00,2.58136939582252,74.45003413010201,0.0,58.999536412389986,False,6.25
2026-01-01 06:30:00+00:00,3.1675177989997048,63.55620063852634,0.0,60.1371148602536,False,6.5
2026-01-01 06:45:00+00:00,2.9323693212665742,73.33145643811103,0.0,69.2538511363621,False,6.75
2026-01-01 07:00:00+00:00,2.8887855254852304,71.70848495721795,0.0,85.56288379045455,False,7.0
2026-01-01 07:15:00+00:00,2.842488878940909,63.74668391727019,25.717762523164787,69.79856163661906,False,7.25
2026-01-01 07:30:00+00:00,4.171347040964591,67.81152049527694,56.71015216746844,60.89307822700778,False,7.5
2026-01-01 07:45:00+00:00,2.1142851243785863,72.86385324468945,73.51951484371834,73.09424967095941,False,7.75
2026-01-01 08:00:00+00:00,2.032338578359126,73.76932551208209,80.71292877630435,86.87371174789236,False,8.0
2026-01-01 08:15:00+00:00,1.815202318873102,72.62320152571115,135.48195599626803,63.068868659623206,False,8.25
2026-01-01 08:30:00+00:00,3.004416883109811,71.05741696610285,158.47484976153294,64.34080762141242,False,8.5
2026-01-01 08:45:00+00:00,3.481410630115304,74.97604749781637,145.49123075727846,82.44797918475876,False,8.75
2026-01-01 09:00:00+00:00,2.5746314953635094,75.52726209752475,184.05695600525698,73.55477004682682,False,9.0
2026-01-01 09:15:00+00:00,2.10185884865135,59.95862014216173,175.79333349067383,84.44073515030637,False,9.25
2026-01-01 09:30:00+00:00,2.242823661768415,69.91744555564297,212.04521681013438,76.95455860276016,False,9.5
2026-01-01 09:45:00+00:00,3.5710428215897885,68.27062309312156,201.27708951297546,85.97515800144413,False,9.75
2026-01-01 10:00:00+00:00,3.8124878545901537,61.510376356288845,278.55624622573816,65.56039592508165,False,10.0
2026-01-01 10:15:00+00:00,3.8382182192716727,68.8517612601674,251.37458638312842,78.25151868332725,False,10.25
2026-01-01 10:30:00+00:00,3.074850681260503,74.76778493149916,269.56328892017234,76.27232003637917,False,10.5
2026-01-01 10:45:00+00:00,4.013487269900251,63.83080020280721,321.5559724605895,64.6026470387749,False,10.75
2026-01-01 11:00:00+00:00,4.1576527778594565,69.27759403239843,345.0718156244701,60.81282595424548,False,11.0
2026-01-01 11:15:00+00:00,4.490888187286861,63.70219617242658,249.0482463575186,88.1730767923723,False,11.25
2026-01-01 11:30:00+00:00,5.278777051456941,63.33843091780449,299.514289039512,76.09031478777084,False,11.5
2026-01-01 11:45:00+00:00,5.0391865598247305,72.34295738497809,332.29052007034153,68.37999274042043,False,11.75
2026-01-01 12:00:00+00:00,5.693956459133853,63.15004273902515,288.67620200523265,79.82661487045317,False,12.0
2026-01-01 12:15:00+00:00,5.506052839824609,67.48856012834067,229.4222678696414,94.83802895941686,False,12.25
2026-01-01 12:30:00+00:00,5.993860820826456,57.32556414035108,383.6756978461026,54.24147085088357,False,12.5
2026-01-01 12:45:00+00:00,6.586306050856331,71.25254995912375,340.9212369554787,63.94651796714074,False,12.75
2026-01-01 13:00:00+00:00,5.241083061012456,68.50076858150483,306.86130890832226,71.11459630835628,False,13.0
2026-01-01 13:15:00+00:00,6.4820832309968806,63.25045913670425,194.03815541517923,99.99349077422735,False,13.25
2026-01-01 13:30:00+00:00,6.696649246123366,65.91788232158986,235.3870158577039,86.10742977037016,False,13.5
2026-01-01 13:45:00+00:00,6.899703491294126,57.63122634900874,205.09801493841533,92.16804296401867,False,13.75
2026-01-01 14:00:00+00:00,7.529886199018653,66.92931642867892,266.0982246692111,69.50884759406247,False,14.0
2026-01-01 14:15:00+00:00,9.285081713008028,57.91942198590063,248.73141764681617,69.97347338160685,False,14.25
2026-01-01 14:30:00+00:00,7.734125479256923,61.03570862506949,178.86791751265918,88.98527312311933,False,14.5
2026-01-01 14:45:00+00:00,9.536212419165043,56.82181642755749,175.6412297931949,84.50078760280323,False,14.75
2026-01-01 15:00:00+00:00,7.745847522992964,59.50945359992963,145.06875158296324,90.56264061504157,False,15.0
2026-01-01 15:15:00+00:00,9.149177640135223,62.225080458283756,146.6318968659677,81.88821020325642,False,15.25
2026-01-01 15:30:00+00:00,9.865277372736262,59.252655866765245,117.24587980752564,87.62660493105354,False,15.5
2026-01-01 15:45:00+00:00,10.513776665711832,59.733572233902045,100.77897357368472,86.32098743095823,False,15.75
2026-01-01 16:00:00+00:00,10.913961350929716,56.4110869454772,72.27227014838331,93.87744125938535,False,16.0
2026-01-01 16:15:00+00:00,11.269059908531384,57.89539739980537,54.18120190564991,94.33494469736647,False,16.25
2026-01-01 16:30:00+00:00,10.632834031514562,55.248787170725095,54.01853538723116,65.30488190851307,False,16.5
2026-01-01 16:45:00+00:00,10.806254692205304,65.54829438888918,29.372541546960193,57.85446748257933,False,16.75
2026-01-01 17:00:00+00:00,12.112644889298712,48.1367820224702,2.7194939821848408e-14,96.90678571457045,False,17.0
2026-01-01 17:15:00+00:00,11.508131214437203,60.479926229708695,0.0,99.18846881630134,False,17.25
2026-01-01 17:30:00+00:00,10.85935978629892,62.01071816617572,0.0,72.72397041329569,False,17.5
2026-01-01 17:45:00+00:00,11.174947112174367,52.593954685441204,0.0,62.674835933849735,False,17.75
2026-01-01 18:00:00+00:00,11.529799892909004,64.31643462427859,0.0,86.18841785208642,False,18.0
2026-01-01 18:15:00+00:00,12.828251127040438,57.17393421581253,0.0,96.16291952860364,False,18.25
2026-01-01 18:30:00+00:00,12.6903384823124,57.31098060736057,0.0,100.0,False,18.5
2026-01-01 18:45:00+00:00,13.254796906042875,52.57893400783062,0.0,91.1313385623755,False,18.75
2026-01-01 19:00:00+00:00,12.466258131293296,52.93845654392669,0.0,80.42524058372403,False,19.0
2026-01-01 19:15:00+00:00,13.019776877527626,52.028744000044604,0.0,74.10412268765124,False,19.25
2026-01-01 19:30:00+00:00,13.457216488970927,53.684854354027486,0.0,84.88076134126216,False,19.5
2026-01-01 19:45:00+00:00,12.751751016142412,58.92676837269349,0.0,81.05966886740974,False,19.75
2026-01-01 20:00:00+00:00,13.385679296702309,52.96960206705175,0.0,72.36341772162045,False,20.0
2026-01-01 20:15:00+00:00,12.490249252392047,50.12080177838436,0.0,100.0,False,20.25
2026-01-01 20:30:00+00:00,12.707422813659807,56.695089466318244,0.0,100.0,False,20.5
2026-01-01 20:45:00+00:00,12.649232891450128,57.18090707011395,0.0,97.77284629706298,False,20.75
2026-01-01 21:00:00+00:00,11.933617586753929,57.33148821630946,0.0,72.92757001496253,False,21.0
2026-01-01 21:15:00+00:00,13.194759446576313,55.550904566920195,0.0,94.06172752314521,False,21.25
2026-01-01 21:30:00+00:00,12.324183660198443,52.96517525703141,0.0,91.28702543642163,False,21.5
2026-01-01 21:45:00+00:00,12.584349485696633,49.89064920579341,0.0,88.71845137530181,False,21.75
2026-01-01 22:00:00+00:00,12.81430215379166,49.74291261599106,0.0,98.18676182810258,False,22.0
2026-01-01 22:15:00+00:00,12.623642008084099,46.9979555924256,0.0,90.58468979281929,False,22.25
2026-01-01 22:30:00+00:00,12.617538035959154,54.49797978505324,0.0,91.59655681099063,False,22.5
2026-01-01 22:45:00+00:00,11.808170361005814,54.592315253383745,0.0,90.10221977404994,False,22.75
2026-01-01 23:00:00+00:00,11.333852841015593,53.97249935215466,0.0,86.27873050712476,False,23.0
2026-01-01 23:15:00+00:00,11.379010570507637,43.833206732756736,0.0,60.502848689410456,False,23.25
2026-01-01 23:30:00+00:00,9.848993950736075,53.267440404972,0.0,82.61377792427335,False,23.5
2026-01-01 23:45:00+00:00,9.784112852613651,62.85037075616946,0.0,74.62749916503573,False,23.75
2026-01-02 00:00:00+00:00,9.61458753381852,55.99669719225599,0.0,65.62267062185292,False,0.0
2026-01-02 00:15:00+00:00,9.595086247696036,60.130720089544106,0.0,100.0,False,0.25
2026-01-02 00:30:00+00:00,10.423266553641051,51.71770513890918,0.0,100.0,False,0.5
2026-01-02 00:45:00+00:00,9.081329810265132,65.3165612519862,0.0,96.2547355726237,False,0.75
2026-01-02 01:00:00+00:00,9.198461851931095,58.78650421149843,0.0,82.63712233094024,False,1.0
2026-01-02 01:15:00+00:00,10.230006350910129,58.76915078938692,0.0,95.40083957945636,False,1.25
2026-01-02 01:30:00+00:00,8.590961087690008,69.69848531845373,0.0,78.94523837595897,False,1.5
2026-01-02 01:45:00+00:00,9.148431658925732,65.51342658218387,0.0,80.83010181555981,False,1.75
2026-01-02 02:00:00+00:00,7.492464017466089,61.03654868515942,0.0,64.85967684802556,False,2.0
2026-01-02 02:15:00+00:00,7.7558387260089985,59.44219342630326,0.0,82.31908987835541,False,2.25
2026-01-02 02:30:00+00:00,6.842293037980904,62.065921789354334,0.0,77.84295124539672,False,2.5
2026-01-02 02:45:00+00:00,7.015891087940914,65.11257814440658,0.0,61.039093459779096,False,2.75
2026-01-02 03:00:00+00:00,7.648237583295739,61.57709957139376,0.0,75.59883809379727,False,3.0
2026-01-02 03:15:00+00:00,5.288438741081886,64.42867756014691,0.0,74.78863690718637,False,3.25
2026-01-02 03:30:00+00:00,6.718908586228013,69.44658040624854,0.0,96.8384402282055,False,3.5
2026-01-02 03:45:00+00:00,6.270713973119427,63.882946678585625,0.0,85.51093439516298,False,3.75
2026-01-02 04:00:00+00:00,5.3237181411192225,75.1480355322466,0.0,74.42097355969376,False,4.0
2026-01-02 04:15:00+00:00,4.3712962565955955,67.93176661879617,0.0,76.76315188313478,False,4.25
2026-01-02 04:30:00+00:00,5.326731593990622,73.08582986711485,0.0,73.793391407512,False,4.5
2026-01-02 04:45:00+00:00,4.599238547813991,68.61057215955873,0.0,70.30432163336089,False,4.75
2026-01-02 05:00:00+00:00,4.97678015340794,70.39131603220429,0.0,59.21816672187195,False,5.0
2026-01-02 05:15:00+00:00,4.590951132992176,64.29693886784241,0.0,69.85448445930493,False,5.25
2026-01-02 05:30:00+00:00,5.653703725465974,61.97366677635819,0.0,62.16580917057455,False,5.5
2026-01-02 05:45:00+00:00,3.996476548807888,70.04481368708653,0.0,55.559411277737894,False,5.75
2026-01-02 06:00:00+00:00,3.202528288833943,73.50991487884356,0.0,76.13466177457042,False,6.0
2026-01-02 06:15:00+00:00,4.016536145696831,68.33291456031723,0.0,74.12483898678045,False,6.25
2026-01-02 06:30:00+00:00,3.9199864007392944,63.19044977840841,0.0,47.411968260634076,False,6.5
2026-01-02 06:45:00+00:00,4.7218743103088,61.53178020731773,0.0,66.79644505662851,False,6.75
2026-01-02 07:00:00+00:00,4.213303249091285,62.12883886779985,0.0,79.62696448302007,False,7.0
2026-01-02 07:15:00+00:00,3.7619621245134214,61.53417593656965,22.659533416285065,79.79308556251797,False,7.25
2026-01-02 07:30:00+00:00,4.599237304873528,67.61923801950336,45.791007618446734,78.79054508557556,False,7.5
2026-01-02 07:45:00+00:00,2.450820708334164,75.33378048266403,79.66874239652046,66.34009963132856,False,7.75
2026-01-02 08:00:00+00:00,2.884509396766508,70.04267087779769,118.98135862934853,55.12006036414025,False,8.0
2026-01-02 08:15:00+00:00,2.6708180411244618,61.417950300737004,152.54094077188336,51.63879803079813,False,8.25
2026-01-02 08:30:00+00:00,3.1372415384223324,68.90364754334384,151.71904511851616,68.15643284213249,False,8.5
2026-01-02 08:45:00+00:00,2.405855703141172,70.25884931812958,175.04208728534,67.94623083331173,False,8.75
2026-01-02 09:00:00+00:00,4.094316621468733,76.42365674440492,173.37964814924084,78.21254469233642,False,9.0
2026-01-02 09:15:00+00:00,3.507966389088112,63.20790548687198,198.8685928644213,75.33033257389019,False,9.25
2026-01-02 09:30:00+00:00,2.628798521850709,68.968332102457,259.0590813456272,59.906444539769026,False,9.5
2026-01-02 09:45:00+00:00,3.1323357114548696,76.49844001270498,320.0573555131765,45.92223911415341,False,9.75
2026-01-02 10:00:00+00:00,4.3540432677171745,69.398039810267,307.52139758684416,56.380166165877135,False,10.0
2026-01-02 10:15:00+00:00,4.950583619730365,68.83726014052408,304.8488238561065,62.17047592342381,False,10.25
2026-01-02 10:30:00+00:00,6.071993994814903,65.13594795691019,338.30264201501694,56.49078682192871,False,10.5
2026-01-02 10:45:00+00:00,7.017086467134136,64.39072716050103,369.3744465198027,51.331276948627064,False,10.75
2026-01-02 11:00:00+00:00,5.244882380121662,69.19413807490731,345.67838994049197,60.64929006206853,False,11.0
2026-01-02 11:15:00+00:00,4.364095711657557,64.34309201461109,390.3414288808853,50.91460097997697,False,11.25
2026-01-02 11:30:00+00:00,3.706450681551436,72.21126815699536,404.74482918872206,48.771788616255584,False,11.5
2026-01-02 11:45:00+00:00,5.895525147508707,59.48559518169305,367.2360988977051,59.39188056267811,False,11.75
2026-01-02 12:00:00+00:00,5.312038992024474,67.28300560488455,404.3132527500468,50.17608903844955,False,12.0
2026-01-02 12:15:00+00:00,5.921719490151254,65.64804071988817,375.4672369244882,57.2748061167034,False,12.25
2026-01-02 12:30:00+00:00,6.065282917773177,62.22384668701716,373.16595942819174,56.96986665326541,False,12.5
2026-01-02 12:45:00+00:00,6.75134788495593,63.431967494272335,434.1412360700295,39.36475810999682,False,12.75
2026-01-02 13:00:00+00:00,8.032538668967444,58.85452365209313,397.7501966857218,46.610434231185316,False,13.0
2026-01-02 13:15:00+00:00,7.626579896885666,57.748008867847396,305.7574356875334,68.98731703343861,False,13.25
2026-01-02 13:30:00+00:00,7.699267697046146,60.49678594856698,405.5477546752274,37.13926008058701,False,13.5
2026-01-02 13:45:00+00:00,7.325552474716092,58.130606251496,428.3304920632113,25.036445026656125,False,13.75
2026-01-02 14:00:00+00:00,7.143499883574206,64.14724005429684,398.8058900740063,27.44841283108196,False,14.0
2026-01-02 14:15:00+00:00,8.423241006896719,56.08014831166612,309.4572619225164,49.49660969843619,False,14.25
2026-01-02 14:30:00+00:00,9.096772212506316,62.38339533070347,289.47290360578995,48.8778189182493,False,14.5
2026-01-02 14:45:00+00:00,10.878728426733918,51.78024540283706,271.9975695573033,46.45809296511337,False,14.75
2026-01-02 15:00:00+00:00,9.888883157530776,55.923718969873654,210.99006828580315,61.80570659406639,False,15.0
2026-01-02 15:15:00+00:00,10.885462371574862,53.99630033546202,283.8884377619755,14.53111638183497,False,15.25
2026-01-02 15:30:00+00:00,10.00742880140583,63.28795795310944,182.57358388422384,50.73003250804169,False,15.5
2026-01-02 15:45:00+00:00,9.758180679137816,59.732252627932084,133.95187182164693,64.09407446254804,False,15.75
2026-01-02 16:00:00+00:00,10.223712285985872,56.77275390364644,147.80174578890367,31.206026521529374,False,16.0
2026-01-02 16:15:00+00:00,10.694458698327312,58.814297977122465,104.0419753390625,39.56918071001022,False,16.25
2026-01-02 16:30:00+00:00,13.24422315351846,44.05605124969987,72.82169883502212,34.48479402230386,False,16.5
2026-01-02 16:45:00+00:00,11.137980866430176,55.89289816850507,37.227017350660276,32.185446751307545,False,16.75
2026-01-02 17:00:00+00:00,12.705276326104412,61.39108695684155,5.513548466493462e-14,38.40630808750254,False,17.0
2026-01-02 17:15:00+00:00,11.536267234499844,55.91773172696095,0.0,58.86116269764401,False,17.25
2026-01-02 17:30:00+00:00,13.211762853124693,52.81165582636536,0.0,63.196181708799216,False,17.5
2026-01-02 17:45:00+00:00,12.965243268306725,55.15159996244735,0.0,36.5390662319366,False,17.75
2026-01-02 18:00:00+00:00,12.704816700795721,56.984232581904664,0.0,62.86072256877365,False,18.0
2026-01-02 18:15:00+00:00,12.951688120664404,44.99226342331107,0.0,39.86371997899985,False,18.25
2026-01-02 18:30:00+00:00,12.595305247582042,46.85867515194643,0.0,59.925304070008266,False,18.5
2026-01-02 18:45:00+00:00,13.590918348235771,52.73660397234377,0.0,37.21330921357004,False,18.75
2026-01-02 19:00:00+00:00,12.964593404355314,50.100684965005925,0.0,39.36540082202235,False,19.0
2026-01-02 19:15:00+00:00,12.421802925311695,59.13103607584977,0.0,41.646404220806545,False,19.25
2026-01-02 19:30:00+00:00,12.432514469940081,52.60402784156097,0.0,74.88340128214881,False,19.5
2026-01-02 19:45:00+00:00,13.624153335228618,44.10081638725888,0.0,46.4377227326157,False,19.75
2026-01-02 20:00:00+00:00,14.759078700900117,44.837510541093806,0.0,27.229197349986265,False,20.0
2026-01-02 20:15:00+00:00,13.611980148228197,40.860929669489764,0.0,46.847599990308225,False,20.25
2026-01-02 20:30:00+00:00,13.355761764392845,51.358702851400515,0.0,30.390303326518097,False,20.5
2026-01-02 20:45:00+00:00,13.624660749938794,51.08454021604651,0.0,28.37760613171742,False,20.75
2026-01-02 21:00:00+00:00,14.364998839650664,48.881651133466285,0.0,44.69001288310892,False,21.0
2026-01-02 21:15:00+00:00,13.399089534355985,56.53706394771378,0.0,33.702108191461164,False,21.25
2026-01-02 21:30:00+00:00,12.777823169950159,58.071779957151506,0.0,36.224590869837954,False,21.5
2026-01-02 21:45:00+00:00,13.85466636371602,50.76551348825832,0.0,32.61262843801419,False,21.75
2026-01-02 22:00:00+00:00,13.156378409029177,44.095382034742975,0.0,36.05766422569588,False,22.0
2026-01-02 22:15:00+00:00,13.867043978236975,53.895151558966184,0.0,36.70305627644735,False,22.25
2026-01-02 22:30:00+00:00,12.592160779011056,55.81476758971551,0.0,7.955796598797967,False,22.5
2026-01-02 22:45:00+00:00,11.256016465028516,57.10233829007931,0.0,38.805533895289926,False,22.75
2026-01-02 23:00:00+00:00,10.91485625638614,60.370663361376025,0.0,18.641205633366646,False,23.0
2026-01-02 23:15:00+00:00,13.08864934189019,48.089983732942514,0.0,12.748322004210706,False,23.25
2026-01-02 23:30:00+00:00,12.891117240516717,61.12012223586214,0.0,28.997321699309232,False,23.5
2026-01-02 23:45:00+00:00,11.099684543861942,52.292825262867225,0.0,30.36041591958505,False,23.75
2026-01-03 00:00:00+00:00,10.655842011363944,59.88196028948471,0.0,20.69716391159948,True,0.0
2026-01-03 00:15:00+00:00,11.83980602762042,48.12293897539189,0.0,38.67057962079048,True,0.25
2026-01-03 00:30:00+00:00,9.483675467370745,55.156692956389534,0.0,12.283573008202463,True,0.5
2026-01-03 00:45:00+00:00,9.343870994534537,65.18089389619263,0.0,23.210492768748644,True,0.75
2026-01-03 01:00:00+00:00,10.257645400697443,56.51840352681095,0.0,20.7922767697045,True,1.0
2026-01-03 01:15:00+00:00,9.104963043516126,62.88125324655378,0.0,26.981608382344515,True,1.25
2026-01-03 01:30:00+00:00,9.089909450641853,60.49497548878583,0.0,30.629985440428257,True,1.5
2026-01-03 01:45:00+00:00,8.63369175425869,59.90289139375954,0.0,14.945048526033512,True,1.75
2026-01-03 02:00:00+00:00,8.703418847718357,65.65958925860954,0.0,35.50061350589749,True,2.0
2026-01-03 02:15:00+00:00,9.228132526984604,58.36553940551857,0.0,27.34812453516323,True,2.25
2026-01-03 02:30:00+00:00,7.844678184430405,54.54109465621443,0.0,3.685136437810275,True,2.5
2026-01-03 02:45:00+00:00,7.960094618783504,58.25487878026122,0.0,2.69540708365777,True,2.75
2026-01-03 03:00:00+00:00,5.481592089125129,67.88606036329406,0.0,25.874393696176213,True,3.0
2026-01-03 03:15:00+00:00,6.764958975142467,65.08160616770783,0.0,23.20813009216591,True,3.25
2026-01-03 03:30:00+00:00,5.8183123097562515,58.84063607247261,0.0,24.470078423506397,True,3.5
2026-01-03 03:45:00+00:00,5.214879511007989,63.23733475365362,0.0,25.240652109540473,True,3.75
2026-01-03 04:00:00+00:00,5.193788729423306,63.843673763171395,0.0,28.16248548375593,True,4.0
2026-01-03 04:15:00+00:00,5.3459758503268,64.44996267798754,0.0,36.72095000414677,True,4.25
2026-01-03 04:30:00+00:00,6.074734187608136,59.16929752665996,0.0,11.923395347774992,True,4.5
2026-01-03 04:45:00+00:00,4.02254842951797,65.64818323734154,0.0,11.114650738520877,True,4.75
2026-01-03 05:00:00+00:00,4.86381467194776,63.817073116650704,0.0,11.994272762599042,True,5.0
2026-01-03 05:15:00+00:00,4.222640313530229,70.9076445060463,0.0,28.53123230886638,True,5.25
2026-01-03 05:30:00+00:00,4.134481539172572,71.2078666273676,0.0,39.96792189630161,True,5.5
2026-01-03 05:45:00+00:00,5.002337544126178,65.91278434263023,0.0,19.8310659287286,True,5.75
2026-01-03 06:00:00+00:00,4.451818632534576,65.8637491412083,0.0,0.0,True,6.0
2026-01-03 06:15:00+00:00,4.9308638905897855,67.17722863415382,0.0,4.559224836278219,True,6.25
2026-01-03 06:30:00+00:00,3.5960451079090627,65.6204228867323,0.0,15.032112678992124,True,6.5
2026-01-03 06:45:00+00:00,3.041263717156218,65.24252335216465,0.0,18.371485652899313,True,6.75
2026-01-03 07:00:00+00:00,3.3174569053071736,65.59943842527494,0.0,20.213495530190915,True,7.0
2026-01-03 07:15:00+00:00,3.609632821566203,66.32437154745162,39.2294690138262,25.641283329101416,True,7.25
2026-01-03 07:30:00+00:00,3.4968695127570473,64.40142662914394,80.73407175315278,21.51569818891632,True,7.5
2026-01-03 07:45:00+00:00,2.4491886312246613,71.48461756316958,105.52412175646032,37.94123001248806,True,7.75
2026-01-03 08:00:00+00:00,3.3714299309789575,72.1874318124706,164.50832328300527,17.343559741457334,True,8.0
2026-01-03 08:15:00+00:00,3.48525699026672,62.726669913353604,206.88186212356948,15.22862607419657,True,8.25
2026-01-03 08:30:00+00:00,5.341541756374863,66.01989385902687,216.69659234487887,31.457626248647536,True,8.5
2026-01-03 08:45:00+00:00,4.8750416931607585,65.83268594056138,298.35455504993814,7.432033066488724,True,8.75
2026-01-03 09:00:00+00:00,2.757862486950029,71.67766851433215,282.2990028054401,30.69852567516797,True,9.0
2026-01-03 09:15:00+00:00,3.2980118220271364,69.34162483013952,320.19499686328203,27.42914257313734,True,9.25
2026-01-03 09:30:00+00:00,2.4647903789835928,64.99545923600137,356.3713467151381,24.619181598535185,True,9.5
2026-01-03 09:45:00+00:00,3.2902750996195866,64.35697513521804,320.86052357858046,45.65140940093798,True,9.75
2026-01-03 10:00:00+00:00,4.161715145424072,68.04277855511896,424.3806607892108,19.34273203288613,True,10.0
2026-01-03 10:15:00+00:00,5.0387383931992105,70.54926841054339,339.4556314409646,51.76334196780499,True,10.25
2026-01-03 10:30:00+00:00,3.673307531787828,59.89862771178868,449.19567967183093,24.5784366339242,True,10.5
2026-01-03 10:45:00+00:00,3.9326559131515113,69.69739126684874,510.3102300001518,12.216458286773847,True,10.75
2026-01-03 11:00:00+00:00,2.953531539926341,74.73748440327579,464.36834670542225,28.649801360838406,True,11.0
2026-01-03 11:15:00+00:00,4.771653916101103,66.27608483780327,525.8599731562274,15.17887535019413,True,11.25
2026-01-03 11:30:00+00:00,4.296291335905599,69.89711471306624,518.0054382133252,19.368604830891336,True,11.5
2026-01-03 11:45:00+00:00,4.980037551691343,63.72165983853351,468.04857289007407,33.46259692896067,True,11.75
2026-01-03 12:00:00+00:00,4.971258601167974,66.07139558090694,460.82373049395346,35.686222950268345,True,12.0
2026-01-03 12:15:00+00:00,5.877098170957057,58.5252790361404,513.0556672846515,21.8866314767605,True,12.25
2026-01-03 12:30:00+00:00,4.83545447794814,57.40235415381267,432.5741472142721,41.54711836617024,True,12.5
2026-01-03 12:45:00+00:00,5.365222540903811,69.65018488536462,416.7680370769971,43.94600472717724,True,12.75
2026-01-03 13:00:00+00:00,8.546260048828215,56.53137820609427,393.8533001265557,47.661059750089734,True,13.0
2026-01-03 13:15:00+00:00,6.1223700361186,62.769859558584656,420.4367613909991,37.15962275748418,True,13.25
2026-01-03 13:30:00+00:00,6.588403823460779,58.2539444870359,369.3345688524365,47.560544336291315,True,13.5
2026-01-03 13:45:00+00:00,9.251584182253755,53.63242807783312,481.5437532568133,9.03388437152486,True,13.75
2026-01-03 14:00:00+00:00,10.423631543137066,56.584475576288526,396.42255542601487,28.203788122889108,True,14.0
2026-01-03 14:15:00+00:00,7.479752826141482,59.36611141901689,390.87992164295343,22.04074269974957,True,14.25
2026-01-03 14:30:00+00:00,8.438339665474022,62.16670656067296,329.6402258536928,34.31239022922498,True,14.5
2026-01-03 14:45:00+00:00,9.319226865305367,60.96746800489924,322.62007682645617,26.471690507846496,True,14.75
2026-01-03 15:00:00+00:00,10.737713512816898,58.0292856135097,279.79029451828774,31.792902461006786,True,15.0
2026-01-03 15:15:00+00:00,8.868408468405855,60.878108767423825,197.67230653853355,56.840706888980506,True,15.25
2026-01-03 15:30:00+00:00,9.757836469114576,64.72275082223277,214.50458235763372,32.695656214485666,True,15.5
2026-01-03 15:45:00+00:00,10.863808900996755,52.26114979212598,169.6351388484932,40.185133353280506,True,15.75
2026-01-03 16:00:00+00:00,10.868071966229675,56.30453819259788,145.7251078322906,32.92913975031299,True,16.0
2026-01-03 16:15:00+00:00,10.486859939839515,61.70309738435118,106.26191682210492,37.13085528996024,True,16.25
2026-01-03 16:30:00+00:00,10.936268640358776,61.46650254874223,71.40349576817576,36.80935729497123,True,16.5
2026-01-03 16:45:00+00:00,10.185831151454462,51.997032445149124,34.02784026098328,42.64059934077042,True,16.75
2026-01-03 17:00:00+00:00,11.323426027670187,54.50075398633721,4.874976623394816e-14,51.776397336034734,True,17.0
2026-01-03 17:15:00+00:00,11.513847020700855,60.8589444482776,0.0,58.101620980651866,True,17.25
2026-01-03 17:30:00+00:00,12.109502844056696,56.44616158589988,0.0,42.59645273250525,True,17.5
2026-01-03 17:45:00+00:00,11.6592451105915,55.96033543791354,0.0,46.511364887611585,True,17.75
2026-01-03 18:00:00+00:00,12.642592539746405,52.63685390869248,0.0,26.189625889773183,True,18.0
2026-01-03 18:15:00+00:00,13.21876518378373,50.99289548473668,0.0,39.51581602343092,True,18.25
2026-01-03 18:30:00+00:00,12.656883268204288,54.636174696414,0.0,52.431015181552056,True,18.5
2026-01-03 18:45:00+00:00,12.9180314111425,52.02985010111982,0.0,52.12296295443579,True,18.75
2026-01-03 19:00:00+00:00,12.762883687867886,53.13278324644682,0.0,44.8607689413196,True,19.0
2026-01-03 19:15:00+00:00,12.783400967325898,53.58261318000613,0.0,53.55432681905333,True,19.25
2026-01-03 19:30:00+00:00,12.247984824304481,51.46613968470839,0.0,49.40869753697314,True,19.5
2026-01-03 19:45:00+00:00,13.099020980805097,54.860181828157096,0.0,58.530533950600805,True,19.75
2026-01-03 20:00:00+00:00,12.767150808364642,64.95282221944179,0.0,48.21170558371527,True,20.0
2026-01-03 20:15:00+00:00,14.497184612866898,43.24683960082197,0.0,41.08843625405273,True,20.25
2026-01-03 20:30:00+00:00,14.037565987676054,52.43218791771063,0.0,50.00892109806807,True,20.5
2026-01-03 20:45:00+00:00,13.022491981669388,49.82100327668642,0.0,11.437997068836921,True,20.75
2026-01-03 21:00:00+00:00,12.01723147846253,56.8803167966907,0.0,51.83005748354495,True,21.0
2026-01-03 21:15:00+00:00,11.630859595300011,55.41376858130142,0.0,4.08846932763737,True,21.25
2026-01-03 21:30:00+00:00,13.346471435738785,55.35841765541392,0.0,27.8252506929919,True,21.5
2026-01-03 21:45:00+00:00,12.456676105650946,58.52567692642851,0.0,54.56851355080795,True,21.75
2026-01-03 22:00:00+00:00,12.464241741635483,54.5804735102924,0.0,55.52090671719363,True,22.0
2026-01-03 22:15:00+00:00,10.499500687972885,61.679057984102805,0.0,36.48715305262332,True,22.25
2026-01-03 22:30:00+00:00,12.434295817360582,44.4845055353323,0.0,42.538989730851185,True,22.5
2026-01-03 22:45:00+00:00,11.83600712212974,61.240597084043536,0.0,68.18048561781063,True,22.75
2026-01-03 23:00:00+00:00,10.348092300810748,58.90849169619109,0.0,46.57696613869816,True,23.0
2026-01-03 23:15:00+00:00,10.607982026241693,61.27780397836985,0.0,79.95294987193154,True,23.25
2026-01-03 23:30:00+00:00,10.93076337222874,51.53819928784505,0.0,53.668380140923766,True,23.5
2026-01-03 23:45:00+00:00,10.48325763911151,53.85538248708909,0.0,59.241987571538374,True,23.75
2026-01-04 00:00:00+00:00,9.91708866003349,58.72470245452216,0.0,74.40249278198328,True,0.0
2026-01-04 00:15:00+00:00,9.766814122545235,58.32826443432325,0.0,57.22677194535785,True,0.25
2026-01-04 00:30:00+00:00,9.337276433401932,60.25890441525667,0.0,44.280453852670455,True,0.5
2026-01-04 00:45:00+00:00,9.341913721601776,63.456807316996844,0.0,55.645364456572786,True,0.75
2026-01-04 01:00:00+00:00,10.071126840386743,50.81820311013114,0.0,57.18734344814862,True,1.0
2026-01-04 01:15:00+00:00,6.509082106177365,67.82983670636771,0.0,41.889106419140155,True,1.25
2026-01-04 01:30:00+00:00,8.037175898040147,61.36992861316346,0.0,55.845800910511656,True,1.5
2026-01-04 01:45:00+00:00,8.029268449388915,60.53511619154065,0.0,50.65739645772826,True,1.75
2026-01-04 02:00:00+00:00,7.784806728299272,55.88136762435168,0.0,71.30173841625711,True,2.0
2026-01-04 02:15:00+00:00,6.910384987785722,65.26454019427173,0.0,61.268052150706914,True,2.25
2026-01-04 02:30:00+00:00,5.463797909794714,56.05511214922484,0.0,58.09963942837223,True,2.5
2026-01-04 02:45:00+00:00,6.795579454587546,66.04109097215601,0.0,60.8563936023143,True,2.75
2026-01-04 03:00:00+00:00,7.583203538751494,56.14013064223049,0.0,65.44203557394962,True,3.0
2026-01-04 03:15:00+00:00,4.647872747506023,67.31244797970966,0.0,70.79664081720712,True,3.25
2026-01-04 03:30:00+00:00,6.246502901051567,63.90426971890066,0.0,52.02462724109562,True,3.5
2026-01-04 03:45:00+00:00,4.9812514880710985,71.21002505945467,0.0,52.14413236763958,True,3.75
2026-01-04 04:00:00+00:00,4.893073284953279,65.96715473952386,0.0,78.5167548846004,True,4.0
2026-01-04 04:15:00+00:00,3.8085417800181247,65.74892472938652,0.0,60.92509868205427,True,4.25
2026-01-04 04:30:00+00:00,4.103881184208968,65.99699120295995,0.0,49.47839785979018,True,4.5
2026-01-04 04:45:00+00:00,5.145065078809576,71.34492044104238,0.0,72.40815320835935,True,4.75
2026-01-04 05:00:00+00:00,4.31881885531121,69.80319582269452,0.0,73.23898552461323,True,5.0
2026-01-04 05:15:00+00:00,5.0013149641839085,64.95524463479471,0.0,49.90007761948955,True,5.25
2026-01-04 05:30:00+00:00,4.33623092283944,66.6826217513149,0.0,71.60623898261427,True,5.5
2026-01-04 05:45:00+00:00,3.541361225507481,62.71097755429549,0.0,78.2566601767221,True,5.75
2026-01-04 06:00:00+00:00,4.398802002946511,69.0759333983971,0.0,74.49263742047516,True,6.0
2026-01-04 06:15:00+00:00,3.1869244976641227,62.542965523189125,0.0,78.14697554995239,True,6.25
2026-01-04 06:30:00+00:00,3.349370851565734,72.31325541568009,0.0,54.26775907331575,True,6.5
2026-01-04 06:45:00+00:00,2.320728072720897,71.56924864633955,0.0,75.63958885054242,True,6.75
2026-01-04 07:00:00+00:00,2.502474931986394,80.29359981391882,0.0,68.57585597688602,True,7.0
2026-01-04 07:15:00+00:00,1.803209498813586,67.53400163711967,26.59067809760713,66.94580754621174,True,7.25
2026-01-04 07:30:00+00:00,3.0857021757639354,69.34365793703878,42.789974491352794,83.70951018329832,True,7.5
2026-01-04 07:45:00+00:00,1.3054842303028824,79.97382761217735,56.73583910446946,91.52899829361252,True,7.75
2026-01-04 08:00:00+00:00,2.8494436731983908,74.9215043167284,69.93590143499786,95.81606894580048,True,8.0
2026-01-04 08:15:00+00:00,2.0678700471061044,68.69977271360003,94.45527612600338,90.55806891107292,True,8.25
2026-01-04 08:30:00+00:00,3.1755626562348818,70.4974131978945,141.45958325534784,73.95089604890758,True,8.5
2026-01-04 08:45:00+00:00,2.878644740141448,70.11430136741988,150.5243484861414,79.97803362978419,True,8.75
2026-01-04 09:00:00+00:00,3.794834508827062,69.67660480457062,156.86883124151643,85.41507789700735,True,9.0
2026-01-04 09:15:00+00:00,3.003971900426732,67.09852602533523,191.78998935695986,78.12505425338618,True,9.25
2026-01-04 09:30:00+00:00,1.2630155456003997,72.49559196167638,207.2662824044006,78.68749035924223,True,9.5
2026-01-04 09:45:00+00:00,2.5881495414118696,64.20793627849298,196.93229115234382,87.44023180688349,True,9.75
2026-01-04 10:00:00+00:00,1.8443623673815908,72.40507778292363,241.6106827661459,77.26994154125815,True,10.0
2026-01-04 10:15:00+00:00,2.5261327584394695,72.50565700434024,279.99351059706026,69.64509125630249,True,10.25
2026-01-04 10:30:00+00:00,4.32632171602099,66.73557543218878,278.060859848412,73.82692341870677,True,10.5
2026-01-04 10:45:00+00:00,3.8209273065495735,62.04422001652657,241.57507375989064,86.80026266082939,True,10.75
2026-01-04 11:00:00+00:00,2.9614085426187535,73.91973292895398,275.3490502236278,79.61048082306922,True,11.0
2026-01-04 11:15:00+00:00,2.93436641576114,71.46967724517727,264.772661975867,84.02660809149641,True,11.25
2026-01-04 11:30:00+00:00,4.01046682890376,65.2781460000597,252.31831279719626,88.34269428081284,True,11.5
2026-01-04 11:45:00+00:00,3.262925478252846,68.3306248996179,302.08378856219525,76.14925856541707,True,11.75
2026-01-04 12:00:00+00:00,3.963087778082735,62.260073166132,248.7826136993458,90.05574007709083,True,12.0
2026-01-04 12:15:00+00:00,5.02413936329023,62.35732257129499,264.37563380661595,85.84791391272596,True,12.25
2026-01-04 12:30:00+00:00,5.982784167413554,62.6780215299684,335.329065997572,66.79256795240892,True,12.5
2026-01-04 12:45:00+00:00,5.837742466849941,69.9895210554757,207.17899378149508,99.21383974021558,True,12.75
2026-01-04 13:00:00+00:00,3.816786376194429,65.95344959691957,288.0720162286093,76.1802966860165,True,13.0
2026-01-04 13:15:00+00:00,6.1979424779172625,67.02435242485569,328.7782551536851,62.5982002553612,True,13.25
2026-01-04 13:30:00+00:00,6.320890226630017,62.101221803282655,290.7480279465117,70.17586146030297,True,13.5
2026-01-04 13:45:00+00:00,6.905991888302225,64.25160403329372,276.4600407628071,70.70769415034408,True,13.75
2026-01-04 14:00:00+00:00,8.18087260494133,60.52693456302453,220.95407131839772,83.81685844746765,True,14.0
2026-01-04 14:15:00+00:00,5.55034923731305,69.05663269693878,218.63601307937412,80.12169781829833,True,14.25
2026-01-04 14:30:00+00:00,7.039702808267947,60.89325987307026,204.83388121518715,79.5695249107597,True,14.5
2026-01-04 14:45:00+00:00,8.294173873323983,54.609791415339465,158.57710357734743,91.23791921736762,True,14.75
2026-01-04 15:00:00+00:00,6.860872991794487,57.80871978849484,150.8142406385484,88.05627912298449,True,15.0
2026-01-04 15:15:00+00:00,9.606080613786023,56.542152980792736,134.31449337937704,87.93283654212928,True,15.25
2026-01-04 15:30:00+00:00,9.012313163655898,54.68282773907276,114.44800654233471,89.20682170154231,True,15.5
2026-01-04 15:45:00+00:00,9.67902513046648,60.186505340925194,92.57610472420154,91.81717442812376,True,15.75
2026-01-04 16:00:00+00:00,8.819681671518303,58.14346849898657,114.00554990127061,59.248792489036916,True,16.0
2026-01-04 16:15:00+00:00,10.191440372083187,67.1729775675643,66.97953998672543,80.27758628685929,True,16.25
2026-01-04 16:30:00+00:00,10.64732505487773,49.94868902615933,58.12084490314194,58.58082506734062,True,16.5
2026-01-04 16:45:00+00:00,10.21795653214012,58.444006610201,20.988420390514964,85.25440926824312,True,16.75
2026-01-04 17:00:00+00:00,10.444187209347323,52.733069650086875,3.29628434930385e-14,84.83024527606023,True,17.0
2026-01-04 17:15:00+00:00,10.682838145796074,54.86556979061596,0.0,97.48215499463426,True,17.25
2026-01-04 17:30:00+00:00,9.969712516980152,58.617166614495915,0.0,99.22305936010919,True,17.5
2026-01-04 17:45:00+00:00,10.719231438983519,47.47582105423087,0.0,87.42616139142568,True,17.75
2026-01-04 18:00:00+00:00,10.874327592025834,57.46094756070819,0.0,78.99566707123721,True,18.0
2026-01-04 18:15:00+00:00,11.443638855269693,63.15744379513819,0.0,90.81479416294614,True,18.25
2026-01-04 18:30:00+00:00,12.05818894697121,52.68732559667457,0.0,78.63643499956397,True,18.5
2026-01-04 18:45:00+00:00,10.513157064641959,58.1668644173307,0.0,84.91905587983791,True,18.75
2026-01-04 19:00:00+00:00,11.341393339535896,59.819318095290576,0.0,96.71947674628157,True,19.0
2026-01-04 19:15:00+00:00,12.687332361592578,52.77572098518463,0.0,78.12843399479651,True,19.25
2026-01-04 19:30:00+00:00,10.947100456681726,54.06608846951513,0.0,94.41148951212432,True,19.5
2026-01-04 19:45:00+00:00,10.902782848681465,47.3623235423545,0.0,92.77966173834045,True,19.75
2026-01-04 20:00:00+00:00,11.719712191848599,57.64045215143727,0.0,73.08673078479639,True,20.0
2026-01-04 20:15:00+00:00,12.20928765091685,53.791537354525765,0.0,96.11028795070574,True,20.25
2026-01-04 20:30:00+00:00,11.497507499399113,51.40350184546887,0.0,92.67167635805606,True,20.5
2026-01-04 20:45:00+00:00,12.484935676411002,54.28199619121207,0.0,85.36337274286973,True,20.75
2026-01-04 21:00:00+00:00,12.01964572456581,52.23188084101339,0.0,74.82989329234022,True,21.0
2026-01-04 21:15:00+00:00,11.89947202329068,52.65719303594374,0.0,73.49102340867103,True,21.25
2026-01-04 21:30:00+00:00,11.540884566737867,57.80566086098046,0.0,77.15955759961052,True,21.5
2026-01-04 21:45:00+00:00,12.81155388894684,47.86682874349499,0.0,89.91903744435669,True,21.75
2026-01-04 22:00:00+00:00,10.617986131279766,61.13868472111943,0.0,71.72327661476048,True,22.0
2026-01-04 22:15:00+00:00,8.993487361719271,54.120326832603624,0.0,88.21038306192241,True,22.25
2026-01-04 22:30:00+00:00,11.676145042122254,52.499747794971114,0.0,67.81531962879788,True,22.5
2026-01-04 22:45:00+00:00,9.806082243787662,66.02144496182729,0.0,80.01052136031723,True,22.75
2026-01-04 23:00:00+00:00,10.022000224927552,62.47201866419285,0.0,83.5050066659876,True,23.0
2026-01-04 23:15:00+00:00,10.731703237984773,57.14652046540765,0.0,100.0,True,23.25
2026-01-04 23:30:00+00:00,8.136558338054472,57.405729963302534,0.0,65.08253712910223,True,23.5
2026-01-04 23:45:00+00:00,8.138372107910106,59.04767818975325,0.0,98.96597746910683,True,23.75
2026-01-05 00:00:00+00:00,7.568152041628578,62.4272427875742,0.0,82.77887108138053,False,0.0
2026-01-05 00:15:00+00:00,7.912701383746166,61.698500576989915,0.0,85.58141913637995,False,0.25
2026-01-05 00:30:00+00:00,8.589143982939126,60.03497151049964,0.0,81.72191833504506,False,0.5
2026-01-05 00:45:00+00:00,8.338074804064718,60.70194277675324,0.0,85.28081018741916,False,0.75
2026-01-05 01:00:00+00:00,7.8142116265658546,60.85833979601759,0.0,77.73034007632553,False,1.0
2026-01-05 01:15:00+00:00,6.131967088803385,58.80774100647419,0.0,96.641940305514,False,1.25
2026-01-05 01:30:00+00:00,5.078969881136284,64.29970823342498,0.0,73.32294647804038,False,1.5
2026-01-05 01:45:00+00:00,6.632677098423506,67.38294514862743,0.0,91.98334935893743,False,1.75
2026-01-05 02:00:00+00:00,5.872579173089331,59.54327821554367,0.0,70.2489278510131,False,2.0
2026-01-05 02:15:00+00:00,6.278379953352779,63.56853203314316,0.0,76.83217206755387,False,2.25
2026-01-05 02:30:00+00:00,6.134772529165496,61.29187098533528,0.0,64.25476947682111,False,2.5
2026-01-05 02:45:00+00:00,5.349003410155089,66.3520959203288,0.0,82.13120350596293,False,2.75
2026-01-05 03:00:00+00:00,5.515963128015073,64.0683299581071,0.0,93.55471491871482,False,3.0
2026-01-05 03:15:00+00:00,4.76628343516821,72.80689282011272,0.0,74.81711751561782,False,3.25
2026-01-05 03:30:00+00:00,4.688976843828916,69.05507198225186,0.0,72.90507784402291,False,3.5
2026-01-05 03:45:00+00:00,3.3914625890796817,63.9873009354557,0.0,61.40497089618696,False,3.75
2026-01-05 04:00:00+00:00,3.5113307818394,71.71564971732782,0.0,71.53211644796848,False,4.0
2026-01-05 04:15:00+00:00,3.523038756954121,65.91222668812973,0.0,54.664173048863475,False,4.25
2026-01-05 04:30:00+00:00,3.7446086910206224,66.3261797397548,0.0,62.30830702963571,False,4.5
2026-01-05 04:45:00+00:00,2.508870935883384,71.99019548942674,0.0,75.46072200421708,False,4.75
2026-01-05 05:00:00+00:00,2.990669620292701,67.94887196658186,0.0,88.03545146342817,False,5.0
2026-01-05 05:15:00+00:00,2.126154292125202,74.95696096867898,0.0,100.0,False,5.25
2026-01-05 05:30:00+00:00,2.026057421168239,68.45766213796041,0.0,64.07996722955392,False,5.5
2026-01-05 05:45:00+00:00,2.582038350242107,68.13474859422296,0.0,87.78679962456096,False,5.75
2026-01-05 06:00:00+00:00,0.14018998144638073,72.13619345734872,0.0,72.92502976481977,False,6.0
2026-01-05 06:15:00+00:00,0.5322996057427622,71.83253567681714,0.0,67.61469130662512,False,6.25
2026-01-05 06:30:00+00:00,0.23785378858979667,78.9924147815886,0.0,74.04359181776486,False,6.5
2026-01-05 06:45:00+00:00,-0.569301518667304,78.48299775617564,0.0,69.01165851072953,False,6.75
2026-01-05 07:00:00+00:00,0.649328199513335,80.73591787687562,0.0,69.00329655956762,False,7.0
2026-01-05 07:15:00+00:00,1.7066019951159372,81.16935342389993,28.04823458839954,62.18240274184209,False,7.25
2026-01-05 07:30:00+00:00,0.8153485730968826,69.49103929800594,63.53704226193564,49.703187053366506,False,7.5
2026-01-05 07:45:00+00:00,1.1590038176348785,73.31137001932986,96.95835912133943,47.349638718246055,False,7.75
2026-01-05 08:00:00+00:00,1.8511148907122554,67.14830341921544,97.313092581151,73.09954289914484,False,8.0
2026-01-05 08:15:00+00:00,2.0423589005687837,68.41756615803999,138.08792858661937,61.32278287806629,False,8.25
2026-01-05 08:30:00+00:00,0.9468237613072241,70.87006956475504,171.70573627557079,56.868107189254175,False,8.5
2026-01-05 08:45:00+00:00,2.1282455050067286,67.15336314493547,184.1086089700134,63.49693794160764,False,8.75
2026-01-05 09:00:00+00:00,1.1834120235221248,68.78065046841874,186.92472819877915,72.30375838806316,False,9.0
2026-01-05 09:15:00+00:00,0.5248999589901842,73.53053255563567,226.819547776663,64.29494408610199,False,9.25
2026-01-05 09:30:00+00:00,0.8247741858803884,68.73101021045771,276.39385351964114,53.620529178451505,False,9.5
2026-01-05 09:45:00+00:00,0.2412165992335049,77.95843961785357,232.1397154903783,75.56822512827128,False,9.75
2026-01-05 10:00:00+00:00,0.8597880903461457,69.8673460967415,235.64827094914227,79.1596713657875,False,10.0
2026-01-05 10:15:00+00:00,1.447169582280312,83.77808759050905,293.78255078850475,65.49838144957177,False,10.25
2026-01-05 10:30:00+00:00,2.5576380667219576,68.8464774827151,289.2750541622113,70.59974790273061,False,10.5
2026-01-05 10:45:00+00:00,3.4896571163194334,69.35565346992517,290.68839160743977,73.16952620732467,False,10.75
2026-01-05 11:00:00+00:00,1.2217632970474517,67.7416376571552,306.63405936848176,71.17586407928391,False,11.0
2026-01-05 11:15:00+00:00,2.87147683537518,76.94285641237275,339.46211077162616,64.3312840022558,False,11.25
2026-01-05 11:30:00+00:00,1.9687033507714755,76.13120702690016,348.05533632665384,63.48874618585866,False,11.5
2026-01-05 11:45:00+00:00,3.437954840218443,70.34314025457309,357.52201458725636,61.89037343119492,False,11.75
2026-01-05 12:00:00+00:00,3.222383455747774,64.13473793011053,436.8554031688016,41.83194790543549,False,12.0
2026-01-05 12:15:00+00:00,2.1423916295447567,72.2006017406724,354.1633544208028,62.75423133127816,False,12.25
2026-01-05 12:30:00+00:00,4.639190420992486,62.62765210024376,448.46538473814087,37.42165072552131,False,12.5
2026-01-05 12:45:00+00:00,3.7102863751998347,74.54193421605372,418.4491081720371,43.50271266159505,False,12.75
2026-01-05 13:00:00+00:00,4.07188791413855,71.31456947337715,318.3094637284989,68.02810853126732,False,13.0
2026-01-05 13:15:00+00:00,3.953574358286971,68.66067974486309,331.5943339638212,61.81663570677146,False,13.25
2026-01-05 13:30:00+00:00,4.600601114110809,57.43347545302234,295.0669007172721,68.93299370962885,False,13.5
2026-01-05 13:45:00+00:00,5.783893148403869,61.233717733077306,354.709219898053,47.176205810054995,False,13.75
2026-01-05 14:00:00+00:00,5.609246365776883,68.21532570457879,371.939157819386,35.963568574670894,False,14.0
2026-01-05 14:15:00+00:00,6.342740829522882,69.06887535670373,319.04963590517144,46.26204397467202,False,14.25
2026-01-05 14:30:00+00:00,6.687226801233702,68.06839368387124,287.11955600152584,49.7311871487438,False,14.5
2026-01-05 14:45:00+00:00,7.76941177576117,55.42394797224019,266.02208901422597,48.81728782629493,False,14.75
2026-01-05 15:00:00+00:00,6.749780005978673,64.73158321708787,213.20474765308646,60.83959439200481,False,15.0
2026-01-05 15:15:00+00:00,6.148218666887647,68.61008913222271,227.3639183426633,42.269884479028875,False,15.25
2026-01-05 15:30:00+00:00,8.48240826186626,53.94656369249838,183.50630375352972,50.203239676506946,False,15.5
2026-01-05 15:45:00+00:00,7.654283971068589,61.956099187690455,179.62248305362792,33.493290247689885,False,15.75
2026-01-05 16:00:00+00:00,9.092635849985243,60.637888648258915,124.9792992510397,50.143203036755665,False,16.0
2026-01-05 16:15:00+00:00,8.778559150439614,58.87339110486572,99.85853522772337,44.16416145371663,False,16.25
2026-01-05 16:30:00+00:00,8.626061988017797,52.92704719876494,72.79916014923253,34.52173696963309,False,16.5
2026-01-05 16:45:00+00:00,9.256188000172004,57.96168795941268,34.80901936895537,40.087646958139665,False,16.75
2026-01-05 17:00:00+00:00,10.770170863776864,55.381487810559236,5.432113901065152e-14,40.11134318959638,False,17.0
2026-01-05 17:15:00+00:00,11.08811500666958,55.5579148704707,0.0,38.489477741384846,False,17.25
2026-01-05 17:30:00+00:00,9.68322429569698,56.28463299561486,0.0,62.403636510161185,False,17.5
2026-01-05 17:45:00+00:00,9.940191423867352,56.32962596645964,0.0,39.38898490472383,False,17.75
2026-01-05 18:00:00+00:00,10.839665843041672,56.41374293744125,0.0,37.07324667787198,False,18.0
2026-01-05 18:15:00+00:00,9.450355536054344,60.70421400858646,0.0,14.267390763862647,False,18.25
2026-01-05 18:30:00+00:00,10.522467244532722,55.8940986328677,0.0,28.15052352584156,False,18.5
2026-01-05 18:45:00+00:00,10.344785471520463,55.7752689849432,0.0,35.17601191593571,False,18.75
2026-01-05 19:00:00+00:00,10.705912316806419,57.16936521444692,0.0,29.562474795348884,False,19.0
2026-01-05 19:15:00+00:00,9.856839678046661,50.55970884373995,0.0,53.84120166962613,False,19.25
2026-01-05 19:30:00+00:00,9.299751013454944,61.09856378603243,0.0,34.757903824983764,False,19.5
2026-01-05 19:45:00+00:00,8.939782099414522,59.80011804250348,0.0,51.68362682629723,False,19.75
2026-01-05 20:00:00+00:00,9.709782086642008,58.652144559098836,0.0,36.45682731800826,False,20.0
2026-01-05 20:15:00+00:00,10.22098097779965,61.46726956811845,0.0,35.66635958405685,False,20.25
2026-01-05 20:30:00+00:00,10.316357349734043,49.65093038525913,0.0,33.66673639898019,False,20.5
2026-01-05 20:45:00+00:00,12.042580308757394,46.632277995676574,0.0,34.300163345989446,False,20.75
2026-01-05 21:00:00+00:00,11.29859883190863,56.8875973670494,0.0,54.41233660100191,False,21.0
2026-01-05 21:15:00+00:00,9.544582560159569,58.74574222721468,0.0,5.4937524171927095,False,21.25
2026-01-05 21:30:00+00:00,10.47272320450793,57.87707832510425,0.0,8.863130962432141,False,21.5
2026-01-05 21:45:00+00:00,9.729538434498837,56.611276360662195,0.0,25.92675580295733,False,21.75
2026-01-05 22:00:00+00:00,9.669276739810908,61.21964423928119,0.0,32.193001289681476,False,22.0
2026-01-05 22:15:00+00:00,9.868178154117444,61.95465250996482,0.0,39.884718604381696,False,22.25
2026-01-05 22:30:00+00:00,10.020727612118844,59.900692235204076,0.0,36.87644616759266,False,22.5
2026-01-05 22:45:00+00:00,9.042596718564516,58.58427174482199,0.0,26.195710917408668,False,22.75
2026-01-05 23:00:00+00:00,9.937726392686622,49.675107581975126,0.0,42.65396299023142,False,23.0
2026-01-05 23:15:00+00:00,7.93072321140303,64.59471537276336,0.0,42.41825646875642,False,23.25
2026-01-05 23:30:00+00:00,8.592983543753332,65.27884264048971,0.0,31.906950600872197,False,23.5
2026-01-05 23:45:00+00:00,10.39678300364303,59.90370254174277,0.0,40.90453474965371,False,23.75
2026-01-06 00:00:00+00:00,8.216071925827483,57.514108016623254,0.0,32.29098104765239,False,0.0
2026-01-06 00:15:00+00:00,8.892566306989938,62.57781485278813,0.0,21.960401007380167,False,0.25
2026-01-06 00:30:00+00:00,7.518255785517542,65.66108399646596,0.0,36.763477072653416,False,0.5
2026-01-06 00:45:00+00:00,7.600641082174799,68.31417515149919,0.0,29.4211752249635,False,0.75
2026-01-06 01:00:00+00:00,6.77481896014852,59.978368070835685,0.0,27.82684454995434,False,1.0
2026-01-06 01:15:00+00:00,6.3627328921392445,63.27753574518673,0.0,45.2160984926915,False,1.25
2026-01-06 01:30:00+00:00,5.55023851594257,68.55368272747145,0.0,0.0,False,1.5
2026-01-06 01:45:00+00:00,6.1901656101893,64.70635874843083,0.0,10.027553879601204,False,1.75
2026-01-06 02:00:00+00:00,4.8355240093136915,62.310298775961634,0.0,12.564376259930306,False,2.0
2026-01-06 02:15:00+00:00,5.72018085489536,66.9341576867847,0.0,22.232968344321172,False,2.25
2026-01-06 02:30:00+00:00,5.728431350395752,67.57631323958789,0.0,23.33319344036084,False,2.5
2026-01-06 02:45:00+00:00,4.828840629919772,67.1428225144604,0.0,8.110596595145584,False,2.75
2026-01-06 03:00:00+00:00,3.986337472802978,69.10156600495472,0.0,14.200328823598051,False,3.0
2026-01-06 03:15:00+00:00,4.26390170069054,66.71654350208317,0.0,15.529637763319318,False,3.25
2026-01-06 03:30:00+00:00,3.3461962753257195,75.22458207481051,0.0,55.2002088913127,False,3.5
2026-01-06 03:45:00+00:00,4.042302008100682,64.52531785137813,0.0,47.19734496086886,False,3.75
2026-01-06 04:00:00+00:00,1.5390694368561308,70.03429890628946,0.0,20.514774397417966,False,4.0
2026-01-06 04:15:00+00:00,2.4568745555491653,70.86725530967652,0.0,20.986155202285595,False,4.25
2026-01-06 04:30:00+00:00,0.8659030363304723,77.04378094904176,0.0,11.466206192526156,False,4.5
2026-01-06 04:45:00+00:00,1.0088611260085498,67.29544340540731,0.0,2.2807448946272046,False,4.75
2026-01-06 05:00:00+00:00,3.056604820735792,64.5625848056874,0.0,23.711596820345346,False,5.0
2026-01-06 05:15:00+00:00,2.4575390086078825,62.671269654427725,0.0,13.090008503913582,False,5.25
2026-01-06 05:30:00+00:00,0.9579113705468726,73.5023315710834,0.0,24.010346972600146,False,5.5
2026-01-06 05:45:00+00:00,0.14071473974524795,70.2875616736069,0.0,5.804668999080995,False,5.75
2026-01-06 06:00:00+00:00,-1.2017500891955146,75.50477471156071,0.0,15.856306500276906,False,6.0
2026-01-06 06:15:00+00:00,0.5809054520811416,76.65797349102888,0.0,26.790664331236698,False,6.25
2026-01-06 06:30:00+00:00,2.8171966058723683,67.64459488688559,0.0,29.423068525951514,False,6.5
2026-01-06 06:45:00+00:00,1.1138468301208102,74.03158847976808,0.0,30.07389580774607,False,6.75
2026-01-06 07:00:00+00:00,0.22376198253246926,73.42225299868792,0.0,9.268291247363189,False,7.0
2026-01-06 07:15:00+00:00,0.9697766312747516,76.03983698721866,36.2328261933815,35.43453861495715,False,7.25
2026-01-06 07:30:00+00:00,-0.703631211791331,78.0966853294373,84.31019164427543,15.654113799563486,False,7.5
2026-01-06 07:45:00+00:00,0.27605830879096893,71.76296609035693,110.0742855014659,32.94344966125486,False,7.75
2026-01-06 08:00:00+00:00,0.5837762826408206,73.3329733059088,154.88562065232213,25.32810329021544,False,8.0
2026-01-06 08:15:00+00:00,0.44713262117371483,78.41484813488665,216.08863405119294,9.059791598967706,False,8.25
2026-01-06 08:30:00+00:00,1.1819724720713118,74.56415427849517,233.58931905645304,21.916747331427743,False,8.5
2026-01-06 08:45:00+00:00,0.8797163427320822,67.91663398635093,251.869387622369,30.244102810367355,False,8.75
2026-01-06 09:00:00+00:00,1.2144633682011923,75.55788451874349,276.15711244652874,33.37780977702313,False,9.0
2026-01-06 09:15:00+00:00,0.22571864095049343,70.27783582063921,327.59722556047376,24.506649599089123,False,9.25
2026-01-06 09:30:00+00:00,1.6116873721112888,77.91018374725483,300.8015496921007,44.769838164765815,False,9.5
2026-01-06 09:45:00+00:00,2.333514162431083,75.12942128323125,341.52821912623,38.682225366985534,False,9.75
2026-01-06 10:00:00+00:00,0.4105071260189841,75.46167978944132,410.54008235525714,23.729371979625707,False,10.0
2026-01-06 10:15:00+00:00,0.6514042907881696,74.52154407940489,391.73633196461356,36.04122566715937,False,10.25
2026-01-06 10:30:00+00:00,2.6230542398226566,69.7046787681918,359.1579316960918,50.48913584691962,False,10.5
2026-01-06 10:45:00+00:00,1.6113331202390335,74.97482950119375,370.32857741588293,51.06647083581291,False,10.75
2026-01-06 11:00:00+00:00,3.1136734978705753,68.22364237577179,522.1380215570852,13.074767819030495,False,11.0
2026-01-06 11:15:00+00:00,1.8780644343810626,72.74956994411177,519.0470382483009,16.975420420133524,False,11.25
2026-01-06 11:30:00+00:00,3.6518517971264934,72.27958941096277,414.6178051673511,46.208700445459556,False,11.5
2026-01-06 11:45:00+00:00,2.861888738956343,67.88756296967185,535.9473280822097,15.998824718723114,False,11.75
2026-01-06 12:00:00+00:00,3.2441911903854206,67.020104016382,548.71989728083,13.148744286966679,False,12.0
2026-01-06 12:15:00+00:00,4.581123823509269,62.4346275771364,506.711720970635,23.518314311423016,False,12.25
2026-01-06 12:30:00+00:00,3.3412716050391276,65.0619472869288,458.7912979177117,34.740977139308455,False,12.5
2026-01-06 12:45:00+00:00,3.187449713560834,62.267754241180576,474.102399023407,28.827151151590503,False,12.75
2026-01-06 13:00:00+00:00,3.8981646686311104,71.29243521938922,486.7385197671352,22.61867522646315,False,13.0
2026-01-06 13:15:00+00:00,4.941220018710711,73.83558413652288,472.4786096664892,22.716112331281423,False,13.25
2026-01-06 13:30:00+00:00,3.6533857982376814,74.49055991687716,455.8921446112368,22.651355018310433,False,13.5
2026-01-06 13:45:00+00:00,5.745530649042596,58.72825994212152,441.5887658846404,21.049349963306252,False,13.75
2026-01-06 14:00:00+00:00,5.135623737226594,69.16885833293959,297.9988058047265,59.398261233743376,False,14.0
2026-01-06 14:15:00+00:00,6.816103090653222,69.10105014558376,349.4382800390547,36.01493862985733,False,14.25
2026-01-06 14:30:00+00:00,4.312381497170611,65.8417115318553,304.2405589284909,43.52278854855317,False,14.5
2026-01-06 14:45:00+00:00,5.925803795754648,65.3319232698173,320.11645593122506,27.46015152078023,False,14.75
2026-01-06 15:00:00+00:00,5.52909570906277,57.568965091374615,280.3349278037452,31.555316438171,False,15.0
2026-01-06 15:15:00+00:00,6.535082730222275,64.9573040305287,261.14549003214694,25.691960550087664,False,15.25
2026-01-06 15:30:00+00:00,7.705236194896606,57.6468595509369,267.2387857104683,2.911793752499758,False,15.5
2026-01-06 15:45:00+00:00,7.666688740293301,62.765169213147445,201.7255611454839,18.683514224823515,False,15.75
2026-01-06 16:00:00+00:00,7.900987321875283,55.323509864056504,168.5511887725613,13.988947549639093,False,16.0
2026-01-06 16:15:00+00:00,8.2593775000085,63.13049114789594,131.66853742911692,9.224890499058901,False,16.25
2026-01-06 16:30:00+00:00,8.820698438772627,64.10286335579329,80.19892667605642,22.39284943816113,False,16.5
2026-01-06 16:45:00+00:00,8.109508562735893,58.081115996488315,30.80894919301805,53.16017870167212,False,16.75
2026-01-06 17:00:00+00:00,9.726170234847013,53.917820275118345,5.568322720255423e-14,37.25947289701632,False,17.0
2026-01-06 17:15:00+00:00,9.920156916111294,49.511641072410875,0.0,53.81965815726602,False,17.25
2026-01-06 17:30:00+00:00,9.91141033546274,57.08494829341264,0.0,43.81280267240577,False,17.5
2026-01-06 17:45:00+00:00,10.245095470318516,55.25696196333211,0.0,48.82750816376624,False,17.75
2026-01-06 18:00:00+00:00,10.215808117715492,51.429048550491444,0.0,29.189236056345056,False,18.0
2026-01-06 18:15:00+00:00,11.767113237549262,56.80798252141494,0.0,46.857748382730406,False,18.25
2026-01-06 18:30:00+00:00,10.210675011849007,55.84197095239809,0.0,49.89211241184106,False,18.5
2026-01-06 18:45:00+00:00,10.156315618839558,53.43131961339182,0.0,34.81157178662561,False,18.75
2026-01-06 19:00:00+00:00,9.900633976902522,55.95063261670392,0.0,49.03593659517301,False,19.0
2026-01-06 19:15:00+00:00,9.758554474988504,62.69567554823801,0.0,49.71185240713582,False,19.25
2026-01-06 19:30:00+00:00,9.648811743925059,61.008767810348296,0.0,36.92486557548629,False,19.5
2026-01-06 19:45:00+00:00,9.972263060403911,57.527048551319396,0.0,30.65363766423697,False,19.75
2026-01-06 20:00:00+00:00,10.644417589001685,59.38091017255655,0.0,30.529855717450666,False,20.0
2026-01-06 20:15:00+00:00,10.964761776642575,51.716257154160665,0.0,46.39488254396273,False,20.25
2026-01-06 20:30:00+00:00,10.713351120494004,56.91678349806832,0.0,49.90294444034355,False,20.5
2026-01-06 20:45:00+00:00,10.014005773920807,58.56547950628051,0.0,37.09481961357527,False,20.75
2026-01-06 21:00:00+00:00,11.279690483818886,53.945180143512985,0.0,47.554452742837555,False,21.0
2026-01-06 21:15:00+00:00,11.063611626574284,57.93369357865339,0.0,54.715867663876665,False,21.25
2026-01-06 21:30:00+00:00,10.23673737360919,54.47581264628658,0.0,55.92510015784049,False,21.5
2026-01-06 21:45:00+00:00,9.714826373477853,60.52407799619212,0.0,67.76985178098602,False,21.75
2026-01-06 22:00:00+00:00,10.529511194112041,59.3072660561347,0.0,65.11432465636865,False,22.0
2026-01-06 22:15:00+00:00,10.07632337350026,46.201610742261295,0.0,38.42080122122395,False,22.25
2026-01-06 22:30:00+00:00,8.584923590485248,65.16685271021555,0.0,71.28724874785473,False,22.5
2026-01-06 22:45:00+00:00,9.489642730006725,46.67707709757755,0.0,45.36227569977249,False,22.75
2026-01-06 23:00:00+00:00,9.53826588594224,56.320751891673694,0.0,64.92380146702337,False,23.0
2026-01-06 23:15:00+00:00,8.378457518272768,64.85801435596731,0.0,53.85374563570875,False,23.25
2026-01-06 23:30:00+00:00,9.005651848876706,58.42124495589984,0.0,48.74562583755632,False,23.5
2026-01-06 23:45:00+00:00,7.432552918209568,56.49991610916557,0.0,32.65319113166392,False,23.75
2026-01-07 00:00:00+00:00,9.39620165630769,54.65150893741025,0.0,52.94122587740381,False,0.0
2026-01-07 00:15:00+00:00,9.045851773688446,63.72967497001213,0.0,36.94184772736955,False,0.25
2026-01-07 00:30:00+00:00,7.556348941524181,54.46818867721434,0.0,67.9161724510733,False,0.5
2026-01-07 00:45:00+00:00,7.751904733054655,66.33772635765516,0.0,75.16360576257526,False,0.75
2026-01-07 01:00:00+00:00,5.229200068154526,65.88995148796815,0.0,48.05174041086945,False,1.0
2026-01-07 01:15:00+00:00,5.922613770649907,60.16197526812543,0.0,61.88965515579016,False,1.25
2026-01-07 01:30:00+00:00,6.299144577653806,61.958993928777765,0.0,50.2110875025058,False,1.5
2026-01-07 01:45:00+00:00,5.360240223261808,61.81869425604836,0.0,52.021884824056016,False,1.75
2026-01-07 02:00:00+00:00,6.471939378359786,67.46260386022249,0.0,69.5033817763923,False,2.0
2026-01-07 02:15:00+00:00,7.1808310953966386,65.72229837687706,0.0,60.39025051836286,False,2.25
2026-01-07 02:30:00+00:00,4.325769393552108,60.76954749545723,0.0,82.36896492131524,False,2.5
2026-01-07 02:45:00+00:00,4.284046852178886,66.10275187721855,0.0,56.343787025350075,False,2.75
2026-01-07 03:00:00+00:00,4.833603297355519,63.330131745118514,0.0,74.75660734276947,False,3.0
2026-01-07 03:15:00+00:00,5.630998787651249,70.60134193483036,0.0,64.56383137642311,False,3.25
2026-01-07 03:30:00+00:00,3.0680418040998143,64.38393246052462,0.0,73.570510102059,False,3.5
2026-01-07 03:45:00+00:00,3.957290057698192,74.68952332065314,0.0,59.27729207113542,False,3.75
2026-01-07 04:00:00+00:00,4.936779973994107,66.47429508614228,0.0,64.66589824915104,False,4.0
2026-01-07 04:15:00+00:00,1.8908078846329885,67.13788897060357,0.0,64.48715459692383,False,4.25
2026-01-07 04:30:00+00:00,1.9318176225517243,69.00681330562496,0.0,56.447817592803254,False,4.5
2026-01-07 04:45:00+00:00,2.3753669166808815,67.7554008785687,0.0,75.02737911074318,False,4.75
2026-01-07 05:00:00+00:00,2.069564246865752,66.3832671722662,0.0,75.48153591916133,False,5.0
2026-01-07 05:15:00+00:00,2.9231240174948976,70.40999660918017,0.0,75.39131704543685,False,5.25
2026-01-07 05:30:00+00:00,2.269560843500983,66.23008436328095,0.0,87.29604624406281,False,5.5
2026-01-07 05:45:00+00:00,0.47652346663958434,65.46844527175995,0.0,86.82180068241726,False,5.75
2026-01-07 06:00:00+00:00,2.1469666006103547,69.8314508955697,0.0,65.50066372181038,False,6.0
2026-01-07 06:15:00+00:00,1.1293763605876121,65.86863540132953,0.0,75.0398255660258,False,6.25
2026-01-07 06:30:00+00:00,2.487017967483476,67.763425983008,0.0,63.63577997930614,False,6.5
2026-01-07 06:45:00+00:00,0.8613036864273264,69.89937217866012,0.0,71.94737078396273,False,6.75
2026-01-07 07:00:00+00:00,0.770348363712618,70.2055434935853,0.0,65.01029970110501,False,7.0
2026-01-07 07:15:00+00:00,1.6495718357908589,80.19958028551616,18.869214858498577,92.18013316054005,False,7.25
2026-01-07 07:30:00+00:00,1.785109934730789,72.19095937963594,46.500745342989575,77.62722067437716,False,7.5
2026-01-07 07:45:00+00:00,1.5126539196825126,73.40997237252105,75.27929385120953,71.16135462826873,False,7.75
2026-01-07 08:00:00+00:00,-0.19345794100328062,68.22328531433641,78.6239665769855,88.60705115287269,False,8.0
2026-01-07 08:15:00+00:00,1.60777758622018,69.65092556887801,156.877759370175,48.73298953545713,False,8.25
2026-01-07 08:30:00+00:00,0.39367149296462145,75.19196898172619,181.92123309962753,51.09847509008631,False,8.5
2026-01-07 08:45:00+00:00,1.4744061496464227,68.39539389394906,139.6888017613778,85.29545553610535,False,8.75
2026-01-07 09:00:00+00:00,0.23333520546240516,78.23558152478586,176.29947581567004,76.93882481300481,False,9.0
2026-01-07 09:15:00+00:00,1.8362689451477063,67.06755644964478,187.8609852952025,79.6762744649218,False,9.25
2026-01-07 09:30:00+00:00,0.9611638032864076,72.2205569909524,255.4875012103742,61.201566864481094,False,9.5
2026-01-07 09:45:00+00:00,0.727415554258346,71.41918699785857,227.07401123846313,77.2763896941649,False,9.75
2026-01-07 10:00:00+00:00,2.490929090263726,71.42270318407932,169.89356881873897,100.0,False,10.0
2026-01-07 10:15:00+00:00,2.2981461397891603,68.53119127493673,218.0038670725851,88.28692993033677,False,10.25
2026-01-07 10:30:00+00:00,1.816473526771646,70.82842049620446,253.70109271739662,80.83707875045079,False,10.5
2026-01-07 10:45:00+00:00,3.688472227658602,67.78507684586843,287.9674338094969,73.92469120676522,False,10.75
2026-01-07 11:00:00+00:00,2.411041214401874,67.96367890595161,293.0444985875714,74.83968710623701,False,11.0
2026-01-07 11:15:00+00:00,3.040484266975096,71.77155222013079,377.14778910727466,54.393713698676116,False,11.25
2026-01-07 11:30:00+00:00,3.49534114939936,70.01147354537078,271.3828082986381,83.39342842544049,False,11.5
2026-01-07 11:45:00+00:00,3.062983052270596,69.43847303012731,245.14865336032696,90.79315342197066,False,11.75
2026-01-07 12:00:00+00:00,4.2260834260436075,66.09382484187805,357.9140122688055,62.07333018748578,False,12.0
2026-01-07 12:15:00+00:00,3.723633385270218,71.85599936712062,312.90970123874877,73.36479996354345,False,12.25
2026-01-07 12:30:00+00:00,4.131831006259591,67.03255031410197,331.75372538905907,67.72074940854557,False,12.5
2026-01-07 12:45:00+00:00,5.870250399922871,63.79378516882737,316.7439835236125,70.3219679082755,False,12.75
2026-01-07 13:00:00+00:00,4.273597895997838,68.15364369635617,263.40370809050245,82.83101313296233,False,13.0
2026-01-07 13:15:00+00:00,3.507366876334003,75.82382304211559,347.3404350982251,57.44651851372171,False,13.25
2026-01-07 13:30:00+00:00,7.062093486361624,57.63301624110043,221.55611251251747,90.08763123562338,False,13.5
2026-01-07 13:45:00+00:00,8.151403849794645,64.22204102757053,205.63520346364194,92.00649691768814,False,13.75
2026-01-07 14:00:00+00:00,6.1277730510909425,57.010101168192975,232.43670228341074,80.1775475671343,False,14.0
2026-01-07 14:15:00+00:00,5.242612914661097,66.95665067799064,297.1714670959449,53.63940176503867,False,14.25
2026-01-07 14:30:00+00:00,6.882437483265662,69.6001875888833,226.66131692407222,71.65448501041814,False,14.5
2026-01-07 14:45:00+00:00,7.237838572511206,64.65034852460018,139.93940030766186,98.59631884081021,False,14.75
2026-01-07 15:00:00+00:00,7.646737559762046,62.683046462563695,236.58168940204186,50.64184341992918,False,15.0
2026-01-07 15:15:00+00:00,7.2343276950235875,60.459845043247604,150.54075738566846,79.96998114807562,False,15.25
2026-01-07 15:30:00+00:00,8.908208423888164,59.98023448134434,148.22671942368146,70.12887087199088,False,15.5
2026-01-07 15:45:00+00:00,9.175534233659452,58.39334054116551,89.20130079636327,94.07840203111495,False,15.75
2026-01-07 16:00:00+00:00,7.862342742528198,58.49011090597664,93.28383333007575,76.44286516464472,False,16.0
2026-01-07 16:15:00+00:00,9.908496796774624,56.99605298358366,58.58466766301163,89.49829356286016,False,16.25
2026-01-07 16:30:00+00:00,11.27070186346304,56.633331474618586,38.01942621726914,91.52887087124343,False,16.5
2026-01-07 16:45:00+00:00,10.032538862899239,54.875815658948724,16.476410102847463,100.0,False,16.75
2026-01-07 17:00:00+00:00,9.87744520862415,54.983215862600204,3.40994210256055e-14,82.45053761864793,False,17.0
2026-01-07 17:15:00+00:00,10.270931748618027,52.098442276980656,0.0,89.44830013262944,False,17.25
2026-01-07 17:30:00+00:00,11.097904001917566,57.696463301095726,0.0,67.1507808979265,False,17.5
2026-01-07 17:45:00+00:00,9.425370833230403,61.15816263137656,0.0,99.2778235719222,False,17.75
2026-01-07 18:00:00+00:00,11.127858180369563,57.00928287031782,0.0,75.87389382314362,False,18.0
2026-01-07 18:15:00+00:00,10.851898869756267,60.412453892329005,0.0,78.26381084334433,False,18.25
2026-01-07 18:30:00+00:00,12.791279700236748,53.606295057920434,0.0,84.70447310926521,False,18.5
2026-01-07 18:45:00+00:00,11.302676977407367,57.3534928878705,0.0,66.18115555307992,False,18.75
2026-01-07 19:00:00+00:00,12.885071809596585,54.31072762623605,0.0,87.63108128989963,False,19.0
2026-01-07 19:15:00+00:00,10.755858884320585,56.34887981898218,0.0,96.43128542176973,False,19.25
2026-01-07 19:30:00+00:00,12.17577230535418,52.177899768379305,0.0,88.25855172318182,False,19.5
2026-01-07 19:45:00+00:00,12.007393082238208,63.444042223362686,0.0,65.58407454388812,False,19.75
2026-01-07 20:00:00+00:00,11.081198802443913,54.354158116431314,0.0,83.05852105841034,False,20.0
2026-01-07 20:15:00+00:00,11.921525998599321,52.06989495789941,0.0,93.3279052478508,False,20.25
2026-01-07 20:30:00+00:00,12.731450088004253,55.0925741441932,0.0,61.75301502200711,False,20.5
2026-01-07 20:45:00+00:00,11.46301708741428,56.52028861257575,0.0,71.24306992858529,False,20.75
2026-01-07 21:00:00+00:00,10.308112297954569,51.857042903035925,0.0,94.49629803765028,False,21.0
2026-01-07 21:15:00+00:00,11.56659759130223,59.82749711304116,0.0,87.04264084194529,False,21.25
2026-01-07 21:30:00+00:00,10.757413774042996,56.33561828272357,0.0,88.55516750796785,False,21.5
2026-01-07 21:45:00+00:00,11.084415169338463,51.71276983126173,0.0,100.0,False,21.75
2026-01-07 22:00:00+00:00,11.152761662794463,60.79544163066491,0.0,88.81341196565168,False,22.0
2026-01-07 22:15:00+00:00,9.694721594855096,61.021675575130956,0.0,90.85489220368213,False,22.25
2026-01-07 22:30:00+00:00,9.590134359143846,53.63860362166381,0.0,100.0,False,22.5
2026-01-07 22:45:00+00:00,11.074753210589003,63.28165090302959,0.0,79.89368967649752,False,22.75
2026-01-07 23:00:00+00:00,10.061272157582504,60.53102680557451,0.0,72.61464044767757,False,23.0
2026-01-07 23:15:00+00:00,8.202864217630086,61.01434636752867,0.0,87.03973902494624,False,23.25
2026-01-07 23:30:00+00:00,10.643634074683758,63.26669729552473,0.0,86.8782173480134,False,23.5
2026-01-07 23:45:00+00:00,9.981722206461646,58.66826338433376,0.0,74.98121796787073,False,23.75
